journal,ISSN
"Abyss (Вопросы философии,",2587-7534
Academia. Архитектура и,2077-9038
Acta biomedica scientifica,2541-9420
Acta Linguistica Petropolitana.,2306-5737
Acta medica Eurasica,2413-4864
Advanced Engineering Research,2687-1653
Advances in Law Studies,2409-5087
AlfaBuild,2658-5553
AlterEconomics,2782-6201
Ars Administrandi,2218-9173
Art Logos,2541-9803
Baikal Research Journal,2411-6262
BENEFICIUM,2713-1629
Biological Communications,2542-2154
Biomedical Chemistry: Research,2618-7531
Biomedical Photonics,2413-9432
BRICS Journal of Economics,2712-7702
BULLETIN OF THE,2618-6942
Cardioсоматика,2221-7185
CATHEDRA – КАФЕДРА.,2222-2154
Caucasian Science Bridge,2658-5820
CIS Iron and Steel Review,2072-0815
Children`s medicine of the North-,2221-2582
Сomponents of scientific and,1997-9347
Consilium Medicum,2075-1753
Consortium Psychiatricum,2712-7672
Construction and Geotechnics,2687-0894
CONTINUUM. Математика.,2500-1957
Dental Forum,2077-6632
"Diagnostics, Resource and",2410-9908
Digital Diagnostics,2712-8490
Discrete and Continuous Models,2658-4670
E-Management,2658-3445
EDUCATIONAL BULLETIN,2686-6846
Energy Systems Research,2618-9992
European Social Science Journal,2079-5513
FOCUS Эндокринология,2713-0177
Folia Otorhinolaryngologiae et,2310-3825
Frontier Materials &,2782-4039
Eurasian mining (Горная,2072-0823
Ex Jure,2619-0648
Head and Neck / Голова и шея.,2310-5194
"Health, Food & Biotechnology",2712-7648
Historia provinciae – журнал,2587-8344
Hominum,2712-8806
Horizon. Феноменологические,2226-5260
Human Progress,2414-4916
Hypothekai,2587-7127
International agricultural journal,2588-0209
International Journal for,1524-5845
International Journal of Advanced,2328-1391
International Journal of Medicine,2658-3313
International Journal of Open,2307-8162
International Law Journal /,2658-5693
iPolytech Journal,2782-4004
Issues in Elitology (Вопросы,2712-8415
Journal «Bulletin Social-,2658-5561
Journal of Advanced Materials,2782-2192
Journal of Applied Economic,2712-7435
Journal of Economic Regulation,2078-5429
Journal of Bioinformatics and,2530-1381
Journal of Institutional Studies,2076-6297
Journal of Language and,2411-7390
Journal of Monetary Economics,2782-4586
Journal of New Economy,2658-5081
Journal of regional and,2782-1927
Journal of Siberian Medical,2542-1174
Jus strictum,3034-2945
KANT : Social science &,2305-8757
Kavkaz-forum,2687-0754
Language in Africa,2686-8946
Legal Bulletin / Юридический,2658-5448
Legal Concept = Правовая,2587-8115
Legal Issues in the Digital Age,2713-2749
Logos et Praxis,2587-9715
Lex russica,1729-5920
Litera,2409-8698
Magazine of Civil Engineering,2712-8172
MALIGNANT TUMOURS,2224-5057
Materials. Technologies. Design,2658-7572
MD-Onco,2782-3202
Means of communication,2782-2141
MEDICAL &,2686-6838
Medicine and health care,2658-4212
Medicine: theory and practice /,2658-4190
Microbiology Independent,2500-2236
Minbar. Islamic Studies,2618-9569
Modern Economy Success,2500-3747
Modern Humanities Success /,2618-7175
Modern oriental studies,2686-9675
NB: Административное право и,2306-9945
Noise Theory and Practice,2412-8627
Non-ferrous metals (Цветные,2072-0807
π-Economy,2782-6015
Oeconomia et Jus,2499-9636
OpenScience,2658-7939
Opera musicologica,2075-4078
Oriental Studies (Вестник КИГИ,2619-0990
Pan-Art,2949-2386
Philologia classica:,0202-2532
PolitBook,2227-1538
Primo aspectu,2500-2635
Professional Discourse &,2687-0126
R-Economy,2412-0731
Reports Scientific Society,2351-0609
Research Results in,2588-0535
Research'n Practical Medicine,2410-1893
Resources and Technology,2307-0048
Respublica Literaria,2713-3125
Reviews on Advanced Materials,2687-0568
Rhema. Рема,1992-6375
Russian Biomedical Research /,2658-6584
Russian Electronic Journal of,2222-7415
Russian Economic Bulletin /,2658-5286
Russian Journal of Economics,2618-7213
Russian Journal of Economics,2782-2923
Russian Journal of Education and,2658-4034
Russian Journal of Ecosystem,2500-0578
Russian Journal of Environmental,2949-0839
Russian Journal of Immunology,1028-7221
Russian Journal of Linguistics,2687-0088
Russian Journal of Management,2409-6024
Russian Linguistic Bulletin,2411-2968
Russian Studies in Culture and,2576-9782
Russian Studies in Law and,2576-9634
Russian Technological Journal,2782-3210
Secreta Artis,2618-7140
Science for Education Today,2658-6762
Siberian Journal of Life Sciences,2658-6649
SIBERIAN SOCIUM,2587-8484
Society and Security Insights,2619-0249
SocioTime / Социальное время,2410-0773
"Studia Germanica, Romanica et",2415-8720
Studia Litterarum,2500-4247
Studia Religiosa Rossica:,2658-4158
Sustainable Development,2782-6333
System Analysis & Mathematical,2713-1734
T-Comm – Телекоммуникации и,2072-8735
Tempus et Memoria,2782-2087
Terra artis. Искусство,2712-8768
Terra Economicus,2073-6606
Terra Linguistica,2782-5450
The Digital Scholar:,2618-9267
The EYE ГЛАЗ,2222-4408
"The world of academia: Culture,",2658-6983
Theory and Practice of Physical,2409-4234
Turczaninowia,1560-7259
University therapeutic journal,2713-1912
Ural Radio Engineering Journal,2588-0454
Vestnik of Russian New,2414-9187
Vestnik of Russian New,2414-9276
Via in tempore. История.,2687-0967
Авиакосмическое,2073-0020
Авиационные двигатели,2658-6061
Авиационные материалы и,2713-0193
АвтоГазоЗаправочный,2073-8323
Автоматизация в,1819-5962
Автоматизация и,2658-6436
Автоматизация процессов,1991-2927
Автоматизация и измерения в,2658-4727
Автоматизация. Современные,0869-4931
Автоматика на транспорте,2412-9186
"Автоматика, связь,",0005-2329
Автомобиль. Дорога.,2409-7217
Аграрная история / Agrarian,2713-2447
Аграрная наука Евро-Северо-,2072-9081
Аграрная наука,0869-8155
Аграрное и земельное право,1815-1329
Аграрный вестник,2307-5872
Аграрный научный журнал,2313-8432
АгроЗооТехника / Agricultural,2658-7912
Агроинженерия,2687-1149
Агропродовольственная,2227-0280
Агропромышленные,2541-7835
Агрофизика,2222-0666
Агрохимический вестник,0235-2516
Агрохимия,0002-1881
АгроЭкоИнженерия,2713-2641
АгроЭкоИнфо: Электронный,1999-6403
Адвокатская практика,1999-4826
Административное и,1999-2807
Административное право и,2071-1166
Администратор суда,2072-3636
Азиатско-Тихоокеанский,1813-3274
Азимут научных исследований:,2309-1754
Азимут научных исследований:,2309-1762
Азия и Африка сегодня,0321-5075
Академический вестник.,2074-2932
Академический вестник войск,2658-4336
Академический юридический,1819-0928
Актуальные вопросы,2074-5036
Актуальные вопросы,2542-0283
Актуальные вопросы,2587-9510
Актуальные вопросы,2782-5930
Актуальные направления,2308-8877
Актуальные проблемы высшего,2220-1769
Актуальные проблемы,2587-9340
Актуальные проблемы Европы,0235-5620
Актуальные проблемы,2687-0940
Актуальные проблемы нефти и,2687-0312
Актуальные проблемы,2073-8544
Актуальные проблемы,1994-1471
Актуальные проблемы,2070-8912
Актуальные проблемы,2414-0198
Актуальные проблемы,2079-6021
Актуальные проблемы,2312-5535
Акушерство и гинекология,0300-9092
Акушерство и гинекология:,2303-9698
"Акушерство, гинекология и",2313-7347
Аллергология и иммунология,1562-3637
Аллергология и Иммунология в,2500-1175
Алтайский юридический,2307-5309
Альманах Казачество,2411-5444
Альманах клинической,2072-0505
Альманах «Крым»,2658-7793
Альманах Пермского военного,2782-6058
Альманах современной,2313-8068
Амбулаторная хирургия,2712-8741
Амурский зоологический,2686-9519
Анализ риска здоровью,2308-1155
Аналитика и контроль,2073-1442
Ангиология и сосудистая,1027-6661
Андрология и генитальная,2070-9781
Анестезиология и,0201-7563
Анналы аритмологии,1814-6791
Анналы клинической и,2075-5473
Анналы хирургии,1560-9502
Анналы хирургической,1995-5464
АНРИ,2075-1338
Антенны,0320-9601
Антиномии,2686-7206
Антропологическая дидактика,2713-1009
Антропологический форум,1815-8870
АПК: инновационные,2687-0436
АПК России,2587-8824
"АПК: экономика, управление",0235-2443
Арабистика Евразии (Eurasian,2619-1261
Аридные экосистемы,0005-1179
Арктика и Антарктика,2453-8922
Арктика: экология и экономика,2223-4594
Армия и общество,2304-9677
Артикульт,2227-6165
Архитектурная археология,2686-6900
Археологические вести,1817-6976
Архив акушерства и,2313-8726
Архивъ внутренней медицины,2226-6704
Архив патологии,0004-1955
Архитектон: известия вузов /,1990-4126
Архитектура и строительство,0235-7259
Архитектурное наследство,0320-0841
Аспирантский вестник,2072-2354
Астраханский вестник,2304-5957
Астраханский медицинский,1992-6499
Астрофизический бюллетень,1990-3391
Атеросклероз и дислипидемии,2219-8202
Атеротромбоз,2307-1109
Атмосфера. Новости,2076-4189
Аудит и финансовый анализ /,0236-2988
Аудитор,1998-0701
Аудиторские ведомости,1727-8058
Аутизм и нарушения развития,1994-1617
Аэрокосмический научный,2413-0982
Бактериология,2500-1027
Балет,0869-5199
Балтийский гуманитарный,2311-0066
Балтийский регион,2074-9848
Балтийский экономический,2073-3364
Банковские услуги,2075-1915
Банковское дело,2071-4904
Банковское право,1812-3945
Башкирский химический,0869-8406
Безопасность бизнеса,2072-3644
Безопасность дорожного,2782-2850
Безопасность,1684-6435
Безопасность информационных,2074-7136
Безопасность и риск,2312-7821
Безопасность техногенных и,2541-9129
Безопасность труда в,0409-2961
Бетон и железобетон / Concrete,0005-9889
Библиография,0869-6020
Библиография и книговедение,2411-2305
Библиосфера,1815-3186
Библия и христианская,2658-7815
"Бизнес, менеджмент и право",2072-1722
Бизнес-информатика Business,1998-0663
Биология в сельском хозяйстве,2311-9322
Биология в школе,0320-9660
Биомедицина,2074-5982
Биомедицинская,1560-4136
Биоразнообразие и устойчивое,2949-4583
Биосфера,2077-1371
Биосферная совместимость:,2311-1518
Биотехнология и селекция,2658-6266
Биотехносфера,2073-4824
Биоэтика,2070-1586
Богословский вестник,2500-1450
Богословско-исторический,2712-9918
Боспорские исследования,2413-1938
БСТ – Бюллетень строительной,0007-7690
Бухгалтерский учет и,2074-6725
Бурение и нефть,2072-4799
Бутлеровские сообщения,2074-0212
Бухгалтерский учет,0321-0154
Бухучет в здравоохранении,2075-0242
Бухучет в сельском хозяйстве,2075-0250
Бухучет в строительных,2075-0269
Бюллетень Государственного,0513-1634
Бюллетень Калмыцкого,2587-6503
Бюллетень медицинской науки,2541-8475
Бюллетень Научного центра,1810-0694
Бюллетень Национального,2415-8410
Бюллетень результатов,2223-9987
Бюллетень сибирской,1682-0363
Бюллетень физиологии и,1998-5029
Ведомости уголовно-,2307-0382
Век глобализации,1994-9065
Век качества,2500-1841
Векторы благополучия:,2658-4956
"Вентиляция, отопление,",1609-7483
Верхневолжский,2499-9679
Вести высших учебных,1815-9958
Вестник Авиценны (Паёми,2074-0581
Вестник аграрной науки Дона,2075-6704
Вестник Адыгейского,2410-3225
Вестник Адыгейского,2410-3004
Вестник Адыгейского,2410-3691
Вестник Адыгейского,2410-3489
Вестник Адыгейского,2410-3683
Вестник Академии военных,2073-8641
Вестник Академии знаний,2304-6139
Вестник академии медицинских,2221-7355
Вестник Академии наук,1728-5283
Вестник Академии наук,2076-2348
Вестник Академии права и,2074-9201
Вестник Академии Русского,1681-8962
Вестник Алтайского,1996-4277
Вестник Алтайского,2413-4481
Вестник Алтайской академии,1818-4057
Вестник анестезиологии и,2078-5658
Вестник антропологии,2311-0546
Вестник АПК Верхневолжья,1998-1635
Аграрный вестник Северного,2949-4796
Вестник Арбитражного суда,2686-7915
Вестник арбитражной практики,2223-1498
Вестник аритмологии,1561-8641
Вестник Армавирского,2618-8775
"Вестник археологии,",2071-0437
Вестник архивиста,2073-0101
Вестник Ассоциации буровых,2073-9877
Вестник Астраханского,2073-1574
Вестник Астраханского,2073-5529
Вестник Астраханского,2072-9502
Вестник Астраханского,2073-5537
Вестник Балтийского,2500-3216
Вестник Балтийского,2500-3208
Вестник Башкирского,1684-7628
Вестник Башкирского,1998-4812
Вестник БГТУ им. В.Г. Шухова,2071-7318
Вестник Белгородского,2223-5639
Вестник Белгородского,2313-5646
ВЕСТНИК «БИОМЕДИЦИНА,2618-8783
Вестник биотехнологии и,1996-4741
Вестник БИСТ (Башкирского,2078-9025
Вестник Брянского,2072-2087
Вестник Брянской ГСХА,2500-2651
Вестник Бурятского,1994-0866
Вестник Бурятского,2304-5728
Вестник Бурятского,2686-7095
Вестник Бурятского,2304-4446
Вестник Бурятской,1997-1044
Вестник Бурятского научного,2222-9175
Вестник ВГИК,2074-0832
Вестник ветеринарии,2071-3096
Вестник Владикавказского,1683-2507
Вестник Владимирского,2307-3241
Вестник Владимирского,2071-0313
Вестник ВНИИДАД,2619-1601
ВЕСТНИК ВОЕННОГО,2541-7622
Вестник военной академии,2413-4090
Вестник войск РХБ защиты,2587-5728
Вестник Волгоградского,1815-4360
Вестник Волгоградского,1994-9480
Вестник Волгоградского,1998-9911
Вестник Волгоградского,2713-1599
Вестник Волгоградского,1998-9938
Вестник Волгоградской,2074-8183
Вестник Волжского,2076-7919
Вестник Вологодского,2658-7254
Вестник Воронежского,2071-2243
Вестник Воронежского,1729-6501
Вестник Воронежского,1609-0683
Вестник Воронежского,1609-0691
Вестник Воронежского,1995-5480
Вестник Воронежского,1680-5755
Вестник Воронежского,1995-5502
Вестник Воронежского,1609-0721
Вестник Воронежского,1995-5499
Вестник Воронежского,1609-0705
Вестник Воронежского,1814-2958
Вестник Воронежского,0234-5439
Вестник Воронежского,1609-0675
Вестник Воронежского,1814-2966
Вестник Воронежского,2071-3584
Вестник Воронежского,2223-3873
Вестник восстановительной,2078-1962
Вестник Восточно-Сибирского,2413-1997
Вестник Всероссийского,2312-7937
Вестник Всероссийского,1999-2351
Вестник ВЭГУ,1998-0078
Вестник Вятского,2541-7606
Вестник ГГНТУ. Гуманитарные,2686-9721
Вестник ГГНТУ. Технические,2686-7567
Вестник ГГУ сетевой,2713-2587
Вестник геонаук,2712-7761
Вестник государственного и,2225-8272
Вестник Государственного,2542-2316
Вестник Государственного,2309-5180
Вестник Государственного,2949-5156
Вестник Государственного,2949-5113
Вестник Государственного,2949-5083
Вестник Государственного,2949-5040
Вестник гражданских,1999-5571
Вестник гражданского права,1992-2043
Вестник гражданского процесса,2226-0781
Вестник гуманитарного,2411-2070
Вестник Гуманитарного,2308-8117
Вестник Дагестанского,2073-6185
Вестник Дагестанского,2542-0321
Вестник Дагестанского,2542-0313
Вестник Дагестанского,2500-1930
Вестник Дагестанской,2246-4396
Вестник Дальневосточного,0869-7698
Вестник Дальневосточного,1819-3137
Вестник дерматологии и,0042-4609
Вестник Дипломатической,2410-2415
Вестник Донбасской,2519-2817
Вестник Донецкого,2415-7058
Вестник Донецкого,2524-0285
Вестник Донецкого,2524-0668
Вестник Донецкого,2663-4228
Вестник Донецкого,2616-8162
Вестник Донского,2311-1968
Вестник древней истории,0321-0391
Вестник Евразийской академии,2072-3342
Вестник Евразийской науки,2588-0101
Вестник Екатерининского,1997-6968
Вестник Екатеринбургской,2224-5391
Вестник Забайкальского,2227-9245
Вестник защиты растений,1727-1320
Вестник Ивановского,2219-5254
Вестник Ивановского,2072-2672
Вестник Ивановской,1606-8157
Вестник ИжГТУ имени М.Т.,1813-7903
Вестник Ижевской,1817-5457
Вестник Инженерной школы,2227-6858
Вестник Института Дружбы,2071-3819
Вестник Института права,2619-0915
Вестник Института проблем,1998-9318
Вестник Института социологии,2221-1616
Вестник Института экономики,2073-6487
Вестник института,2519-2019
Вестник интенсивной терапии,1726-9806
Вестник ИПБ (Вестник,2308-9407
Вестник Исторического,2587-8425
Вестник Казанского,2073-0462
Вестник Казанского,2048-6255
Вестник Казанского,1812-0547
Вестник Казанского,2072-6007
Вестник Казанского,2227-1171
Вестник Калининградского,2227-7226
Вестник Калмыцкого,1995-0713
Вестник Камчатского,2079-0333
Вестник Камчатской,1816-5524
Вестник Кемеровского,2500-3372
Вестник Кемеровского,2542-1840
Вестник Кемеровского,2078-1768
Вестник Керченского,2619-0605
Вестник кибернетики,1999-7604
Вестник компьютерных и,1810-7206
Вестник Концерна ВКО,2542-0542
Вестник Костромского,1998-0817
Вестник Костромского,2073-1426
Вестник КрасГАУ,1819-4036
Вестник Краснодарского,2073-1078
Вестник Красноярского,1995-0861
Вестник Кузбасского,1999-4125
Вестник Кузбасского института,2078-3914
Вестник культуры и искусств,2542-0917
Вестник культурологии,2658-3291
Вестник Курганской ГСХА,2227-4227
Вестник Курган-Тюбинского,2309-6764
Вестник Курской,1997-0749
Вестник Ленинградского,1818-6653
Вестник Магнитогорского,1995-2732
Вестник Майкопского,2078-1024
Вестник Марийского,2072-6783
Вестник Марийского,2411-3522
Вестник Марийского,2411-9687
Вестник машиностроения,0042-4633
Вестник МГИМ имени,2712-9063
Вестник МГИМО-,2071-8160
Вестник МГСУ,1997-0935
Вестник МГТУ,1560-9278
"Вестник МГТУ ""Станкин""",2072-3172
Вестник МГТУ им. Н.Э.,1812-3368
Вестник Медицинского,2782-1714
Вестник медицинского,1993-3932
Вестник Международной,1606-4313
Вестник международных,1996-7845
Вестник метролога,2413-1806
Вестник Мининского,2307-1281
Вестник Мичуринского,1992-2582
Вестник Московского,0869-6101
Вестник Московского,2079-1364
Вестник МГПУ. Серия,2076-9091
Вестник Московского,2072-9014
Вестник МГПУ. Серия,2076-9105
Вестник МГПУ. Серия,2076-9121
Вестник МГПУ. Серия,2078-9238
Вестник Московского,2312-6647
Вестник Московского,2076-9113
Вестник Московского,2542-2197
Вестник Московского,2500-3488
Вестник Московского,0236-3933
Вестник Московского,0236-3941
Вестник Московского,1997-0803
Вестник Московского,2311-5351
Вестник Московского,2073-0454
Вестник Московского,0320-8079
Вестник Московского,0201-7385
Вестник Московского,0868-4871
Вестник Московского,0201-7385
Вестник Московского,0137-0936
ВЕСТНИК МОСКОВСКОГО,0137-0782
Вестник Московского,1029-3736
Вестник Московского,0201-7385
Вестник Московского,2073-2635
Вестник Московского,2073-2643
Вестник Московского,2074-6636
Вестник Московского,0201-7385
Вестник Московского,2414-4894
ВЕСТНИК МОСКОВСКОГО,0579-9406
Вестник Московского,0130-0105
Вестник Московского,0130-0091
Вестник Московского,0130-0083
Вестник Московского,0130-0075
Вестник Московского,2076-7404
Вестник Московского,2074-8132
Вестник Московского,2587-9472
Вестник Московского,1993-6982
Вестник Московской академии,2410-7638
Вестник музыкальной науки,2308-1031
Вестник науки и образования,2413-9858
Вестник Научного центра,2542-2138
Вестник Научного центра по,2072-6554
Вестник научно-,2223-9731
Вестник Национального,2072-8255
Вестник Национальной,2073-0624
Вестник НГАУ,2072-6724
Вестник НГИЭИ,2227-9407
Вестник НГУЭУ,2073-6495
"Вестник неврологии,",2074-6822
Вестник Нижегородского,2072-3490
Вестник Нижегородского,1993-1778
Вестник Нижегородского,1811-5942
Вестник Нижневартовского,2311-1402
Вестник НИИ гуманитарных,2077-3579
Вестник НИЦ «Строительство»,2224-9494
Вестник Новгородского,2076-8052
Вестник Новосибирского,1818-7900
Вестник Новосибирского,1818-7919
Вестник Новосибирского,1818-7935
Вестник новых медицинских,1609-2163
Вестник новых медицинских,2075-4094
Вестник «НПО имени С.А.,2075-6941
Вестник НЦБЖД,2075-4957
Вестник Омского,2222-0364
Вестник Омского,2309-9380
Вестник Омского университета,1812-3996
Вестник Омского университета.,1990-5173
Вестник Омского университета.,2410-6364
Вестник Омского университета.,1812-3988
Вестник Омского университета.,2312-1300
Вестник Оренбургского,2303-9922
ВЕСТНИК Оренбургского,1814-6457
Вестник Оренбургской,2312-2293
Вестник оториноларингологии,0042-4668
Вестник педагогических,1812-9463
Вестник педагогических наук,2687-1661
Вестник педагогического,2219-5408
Вестник Пермского института,2226-2326
Вестник Пермского,2224-9982
Вестник Пермского,2409-5125
Вестник Пермского,2224-9354
Вестник Пермского,2224-9400
Вестник Пермского,2224-9397
Вестник Пермского,1994-3601
Вестник Пермского,1993-0550
Вестник Пермского,2073-6681
Вестник Пермского,2218-1067
Вестник Пермского,1994-9960
Вестник Пермского,2219-3111
Вестник Пермского,1994-9952
Вестник Пермского,2078-7898
Вестник Пермского,1994-3598
Вестник Пермского,1995-4190
Вестник ПНИПУ. Культура.,2224-9974
Вестник ПНИПУ. Проблемы,2224-9389
Вестник Поволжского,2306-2827
Вестник Поволжского,2306-2819
Вестник Поволжского,2306-2800
Вестник Поволжского,2073-9338
Вестник Поволжского,1682-2358
Вестник последипломного,2414-0252
Вестник Православного Свято-,1991-6434
Вестник Православного Свято-,1991-6485
Вестник Православного Свято-,1991-6493
Вестник Православного Свято-,2220-5098
Вестник практической,2658-3100
Вестник психологии и,2500-3135
Вестник психофизиологии,2227-6157
Вестник Пятигорского,2542-0747
Вестник РГАТА имени П.А.,2073-8072
Вестник РГГУ. Серия:,2686-7648
Вестник РГГУ. Серия,2686-7249
Вестник РГГУ. Серия,2073-6339
Вестник РГГУ. Серия,2073-6398
Вестник РГГУ. Серия,2073-6401
Вестник РГГУ. Серия,2073-6304
Вестник рентгенологии,0042-4676
Вестник РМАТ,2224-6789
Вестник РОНЦ им. Н.Н.,1726-9865
Вестник Росздравнадзора,2070-7940
Вестник российских,2686-9667
Вестник Российского,2070-7320
Вестник Российского научного,1999-7264
Вестник Российского,2312-8127
Вестник Российского,2312-8313
Вестник Российского,2312-8143
Вестник Российского,2312-8631
Вестник Российского,2312-8674
Вестник Российского,2312-9220
Вестник Российского,2312-9220
Вестник Российского,2313-0660
Вестник Российского,2313-1438
Вестник Российского,2313-1683
Вестник Российского,2313-2272
Вестник Российского,2313-2299
Вестник Российского,2313-2302
Вестник Российского,2313-2310
Вестник Российского,2313-2329
Вестник Российского,2313-2337
Вестник Российского,2227-4383
Вестник Российской академии,1682-1696
Вестник Российской Военно-,1682-7392
Вестник Российской нации,2073-7459
Вестник Российской правовой,2072-9936
Вестник российской,2500-2082
Вестник Российской,2072-7240
Вестник Ростовского,1991-0533
Вестник Русской христианской,1819-2777
Вестник рыбохозяйственной,2311-4274
Вестник Рязанского,2077-2084
Вестник Рязанского,1995-4565
Вестник Рязанского,2413-2217
Вестник Самарского,1991-8569
Вестник Самарского,1991-8542
Вестник Самарского,1991-8615
Вестник Самарского,2658-7750
Вестник Самарского,1993-0453
Вестник Самарского,2071-9558
Вестник Самарского,2542-0453
Вестник Самарского,2542-0445
Вестник Самарского,2542-0461
Вестник Самарского,2307-6852
Вестник СамГУПС,2079-6099
Вестник Санкт-Петербургского,2587-7402
Вестник Санкт-Петербургского,2075-9878
Вестник Санкт-Петербургского,2619-0303
Вестник Санкт-Петербургского,2079-8199
Вестник Санкт-Петербургского,2079-8202
Вестник Санкт-Петербургского,2079-8210
Вестник Санкт-Петербургского,2619-0729
Вестник Санкт-Петербургского,1818-2909
Вестник Санкт-Петербургского,2949-1150
Вестник Санкт-Петербургского,1025-3106
Вестник Санкт-Петербургского,2542-2251
Вестник Санкт-Петербургского,1995-0047
Вестник Санкт-Петербургского,2541-9374
Вестник Санкт-Петербургского,2587-5892
Вестник Санкт-Петербургского,2587-5833
Вестник Санкт-Петербургского,2221-3007
Вестник Санкт-Петербургского,2658-3607
Вестник Санкт-Петербургского,2541-9382
Вестник Санкт-Петербургского,2541-9390
Вестник Санкт-Петербургского,2658-6029
Вестник Санкт-Петербургского,1024-8579
Вестник Санкт-Петербургского,1605-7953
Вестник Санкт-Петербургского,2541-9358
Вестник Санкт-Петербургской,2226-0242
Вестник Саратовского,1994-5094
Вестник Саратовской,2227-7315
Вестник Саратовской,2618-9461
Вестник связи,0320-8141
Вестник Свято-Филаретовского,2658-7599
Вестник СГУГиТ (Сибирского,2411-1759
Вестник Северного,2227-6564
Вестник Северо-Восточного,1814-0998
Вестник Северо-Восточного,2222-5404
Вестник Северо-Восточного,2587-5590
Вестник Северо-Восточного,2587-8751
Вестник Северо-Западного,2618-7116
Вестник Северо-Осетинского,1994-7720
Вестник СевКавГТИ,2070-1578
Вестник СибАДИ,2071-7296
Вестник СибГУТИ,1998-6920
Вестник Сибирского,2304-4497
Вестник Сибирского,1815-9265
Вестник Сибирского,2618-7949
Вестник Сибирского института,2225-8264
Вестник Сибирского,2542-1735
Вестник славянских культур,2073-9567
Вестник Смоленской,2225-6016
Вестник современной,2071-0240
Вестник современных,2686-9373
Вестник спортивной науки,1998-0833
Вестник судебной медицины,2227-2003
Вестник СурГУ. Медицина,2949-3447
Вестник Сургутского,2078-7626
Вестник Сургутского,2949-3455
Вестник Сыктывкарского,1992-2752
Вестник Таджикского,2413-2004
Вестник Таджикского,2411-1945
Вестник Таджикского,2074-1847
Вестник Таджикского,2413-5151
Вестник Тамбовского,0136-5835
Вестник Тамбовского,1810-0201
Вестник Тверского,2658-7459
Вестник Тверского,2658-5030
Вестник Тверского,1995-0160
Вестник Тверского,1998-5037
Вестник Тверского,1999-4133
Вестник Тверского,1995-0144
Вестник Тверского,1995-0136
Вестник Тверского,1994-3725
Вестник Тверского,1997-9908
Вестник Тверского,1995-0152
Вестник Тверского,2219-1453
Вестник терапевта,2712-8601
Вестник технологического,1998-7072
Вестник Тихоокеанского,1996-3440
Вестник Томского,1607-1859
Вестник Томского,1561-7793
Вестник Томского,1998-8591
Вестник Томского,2311-2387
Вестник Томского,2222-0836
Вестник Томского,1998-8621
Вестник Томского,2225-3513
Вестник Томского,1998-8605
Вестник Томского,1998-6645
Вестник Томского,2311-2395
Вестник Томского,2413-5542
Вестник Томского,1998-8648
Вестник Томского института,2686-7893
Вестник травматологии и,0869-8678
Вестник трансплантологии и,1995-1191
Вестник транспорта Поволжья,1997-0722
Вестник Тюменского,2411-7897
Вестник Тюменского,2411-7978
Вестник УГАТУ,1992-6502
"Вестник УГНТУ. Наука,",2541-8904
Вестник угроведения,2220-4156
Вестник Удмуртского,2412-9518
Вестник Удмуртского,2413-2454
Вестник Удмуртского,2412-9550
Вестник Удмуртского,2413-2446
Вестник Удмуртского,2587-6163
Вестник Ульяновской,1816-4501
Вестник университета,1816-4277
Вестник Университета мировых,2949-4788
Вестник Университета,2619-1237
Вестник университета,2077-8325
Вестник Университета имени,2311-5998
Вестник Университета,2949-4524
Вестник Университета,2949-2955
Вестник Уральского,2079-0392
Вестник Уральского,2312-5640
Вестник Уральской,2073-9125
Вестник урологии,2308-6424
Вестник УрФО. Безопасность в,2225-5435
Вестник ученых-,2687-0193
Вестник Уфимского,1729-9187
Вестник филологических наук,2782-5329
Вестник хирургической,2072-7984
Вестник Центрального научно–,2587-6678
Вестник Челябинского,1994-2796
Вестник Череповецкого,1994-0637
Вестник Чувашского,2782-4136
Вестник Чеченского,2072-3121
Вестник Чувашского,1680-1709
Вестник Чувашского,2073-5499
Вестник Чувашского,1810-1909
Вестник Шадринского,2542-0291
"Вестник экономики, права и",1998-5533
Вестник экономического,2500-2643
Вестник экономической,2414-3995
Вестник Югорского,1816-9228
Вестник Южно-российского,2075-2067
Вестник Южно-Уральского,2618-9682
Вестник Южно-Уральского,2305-9052
Вестник Южно-Уральского,1991-9751
Вестник Южно-Уральского,1990-8504
Вестник Южно-Уральского,1990-8482
Вестник Южно-Уральского,2073-7602
Вестник Южно-Уральского,2310-2748
Вестник Южно-Уральского,1991-9778
Вестник Южно-Уральского,1990-8466
Вестник Южно-Уральского,1991-9743
Вестник Южно-Уральского,2412-0413
Вестник Южно-Уральского,1997-0129
Вестник Южно-Уральского,1990-8512
Вестник юридического,2313-6138
Вестник Ярославского,1996-5648
Ветеринария,0042-4846
Ветеринария и кормление,1814-9588
Ветеринария Кубани,2071-8020
Ветеринарная патология,2949-4826
Ветеринарный,2541-8203
Взрывное дело,0372-7009
Византийский временник,0132-3776
Визуализация в медицине /,2658-6606
Виктимология,2411-0590
Виноделие и виноградарство,2073-3631
Виртуальная коммуникация и,2782-4799
ВИЧ-инфекция и,2077-9328
Владимирский земледелец,2225-2584
Власть Закона,2079-0295
Власть истории и История,2415-7015
Власть и управление на,1818-4049
Вода: химия и экология,2072-8158
Водное хозяйство России:,1999-4508
Водные биоресурсы и среда,2618-8147
Военная мысль,0236-2058
Военное право,2074-1944
Военно-исторический журнал,0321-0626
Военно-медицинский журнал,0026-9050
Военно-правовые и,2782-6619
Военно-филологический,2782-2311
Военно-юридический журнал,2070-2108
Военный академический,2311-6668
Военный инженер,2500-1647
Воздушно-космические силы.,2500-4352
Воздушно-космическая сфера,2587-7992
Волгоградский научно-,2658-4514
Вооружение и экономика,2071-0151
Вопросы атомной науки и,2414-0171
Вопросы атомной науки и,0202-3822
Вопросы атомной науки и,1997-2830
Вопросы атомной науки и,0205-4671
Вопросы атомной науки и,2414-1038
Вопросы безопасности,2409-7543
"Вопросы биологической,",1560-9596
Вопросы всеобщей истории,2500-0616
Вопросы гематологии /,1726-1708
"Вопросы гинекологии,",1726-1678
Вопросы государственного и,1999-5431
Вопросы детской диетологии,1727-5784
Вопросы диетологии,2224-5448
Вопросы журналистики,2618-8422
"Вопросы журналистики,",2712-7451
Вопросы защиты информации –,2073-2600
Вопросы инновационной,2222-0372
Вопросы истории,0205-9606
Вопросы кибербезопасности,2311-3456
Вопросы когнитивной,1812-3228
"Вопросы курортологии,",0042-8787
Вопросы лексикографии,2227-4200
Вопросы материаловедения,1994-6716
Вопросы медиабизнеса,3034-1930
Вопросы методики,2227-8591
Вопросы наркологии,0234-0623
Вопросы национальных и,2226-8596
Вопросы нейрохирургии им.,0042-8817
Вопросы новой экономики,1994-0556
Вопросы нормативно-правового,2072-6023
Вопросы обеспечения качества,2309-6039
ВОПРОСЫ ОБОРОННОЙ,2306-1456
Вопросы образования,1814-9545
Вопросы онкологии,0507-3758
Вопросы ономастики,1994-2400
Вопросы питания,0042-8833
Вопросы политической,2412-9666
Вопросы политологии,2225-8922
"Вопросы права, экономики и",2949-5172
Вопросы практической,2782-6392
Вопросы практической,1817-7646
Вопросы прикладной,2306-1286
Вопросы психического,2305-9133
Вопросы психолингвистики,2077-5911
Вопросы радиационной,1816-9643
Вопросы радиоэлектроники,2218-5453
"Вопросы радиоэлектроники,",0492-5726
Вопросы региональной,2078-4023
Вопросы реконструктивной и,1814-1471
Вопросы российского и,2222-5129
Вопросы рыболовства,0234-2774
Вопросы современной,2949-5059
Вопросы современной науки и,1990-9047
Вопросы современной,1682-5527
Вопросы статистики,2313-6383
Вопросы степеведения,2712-8628
Вопросы театра. Proscaenium,0507-3952
Вопросы теологии,2658-5200
Вопросы теории и практики,2308-6203
Вопросы теоретической,2587-7666
Вопросы управления,2304-3369
Вопросы урологии и,2307-6631
Вопросы филологии,1562-1391
Вопросы экономики,0042-8736
Вопросы экономики и права,2072-5574
Вопросы электромеханики.,2500-1299
Вопросы электротехнологии,2309-6020
Вопросы ювенальной юстиции,2072-3695
Воронежский научно-,2311-8873
Воспитание и обучение детей с,2074-4986
Воспитание школьников,0130-0776
Восток. Афро-азиатские,0869-1908
Восточная Азия: факты и,2686-7702
Восточнославянская филология,1992-9196
Врач,0236-3054
Врач и информационные,1811-0193
Временник Зубовского,2221-8130
Всеобщая история,2307-1656
Все о мясе,2071-2499
Всероссийский,2500-4255
Всероссийский,2500-1442
Всероссийский научно-,2949-1134
Всероссийский научный,2073-5022
Всероссийский научный,2079-5505
Вспомогательные исторические,0130-0865
Высокотехнологическая,2542-1646
Высшее образование в России,0869-3617
Вычислительная механика,1999-6691
Вычислительные методы и,1726-3522
Вятский медицинский вестник,2220-7880
Газовая промышленность,0016-5581
Гальванотехника и обработка,0869-5326
Гасырлар авазы – Эхо веков,2073-7475
Гелиогеофизические,2304-7380
Генетика и разведение,2410-2733
Гений Ортопедии,1028-4427
Географический вестник,2079-7877
География в школе,0016-7207
Географическая среда и живые,2712-7613
Геодезия и картография,0016-7126
Геология и геофизика Юга,2221-3198
Геология нефти и газа,0016-7894
"Геология, география и",2077-6322
Геометрия и графика,2308-4898
Геополитика и экогеодинамика,2309-7663
Геориск,1997-8669
Геосистемы переходных зон,2541-8912
Геосферные исследования /,2542-1379
Геотехника,2221-5514
Геофизика,1681-4568
Геофизические исследования,1818-3735
Геоэкология. Инженерная,0869-7803
Гигиена и санитария,0016-9900
Гидроакустика/Hydroacoustics,1608-8182
Гидрометеорологические,2618-9631
Гидрометеорология и,2713-2102
Гидрометеорология и экология,2713-3001
ГИДРОТЕХНИКА,2227-8400
Гидротехническое,0016-9714
Гидросфера. Опасные процессы,2686-7877
Гинекология,2079-5696
Главный врач Юга России,2686-8733
Главный зоотехник,2074-7454
Глобальная энергия/ Global,2782-6724
Глобальный научный,1997-9355
Горение и взрыв,2305-9117
Горизонты экономики,2219-3650
Горная промышленность,1609-9192
Горное оборудование и,1816-4528
Горные науки и технологии,2500-0632
Горный журнал»,0017-2278
Горный информационно-,0236-1493
Госпитальная медицина: наука,2658-6681
Государственная власть и,1813-1247
Государственная служба,2070-8378
Государственная служба и,2312-0444
Государственное и,2079-1690
Государственное управление,2664-0651
Государственное управление.,2070-1381
Государственный аудит. Право.,2304-9103
Государственный советник,2308-9369
Государство и право,0132-0769
"Государство, религия, церковь в",2073-7203
Градостроительное право,2500-0292
Градостроительство и,2542-0151
Гражданин. Выборы. Власть.,2587-6449
Гражданское общество в,2221-3287
Гражданское право,2070-2140
Грозненский,2542-0496
Грудная и сердечно-сосудистая,0236-2791
Грузовик,1684-1298
Гуманизация образования,1029-3388
Гуманитарий Юга России,2227-8656
Гуманитарий: актуальные,2078-9823
Гуманитарно-педагогическое,2413-1180
Гуманитарные ведомости,2304-4742
Гуманитарные и социально-,1997-2377
Гуманитарные и социальные,2070-1403
Гуманитарные и юридические,2409-1030
Гуманитарные исследования,1818-4936
Гуманитарные исследования в,1997-2857
Гуманитарные исследования,2541-9056
Гуманитарные науки,2409-5591
Гуманитарные науки в Сибири,0869-8651
Гуманитарные науки и,2079-3499
Гуманитарные науки. Вестник,2226-7867
"Гуманитарные, социально-",2221-1373
Гуманитарный вектор,1996-7853
Гуманитарный вестник,2306-8477
Дайджест-Финансы,2073-8005
Дальневосточный аграрный,1999-6837
Дальневосточный медицинский,1994-5191
Датчики и системы / Sensors &,1992-7185
Два века русской классики/,2686-7494
Двигателестроение,0202-1633
Двойные технологии,1680-2780
Декоративное искусство и,1997-4663
Деловой журнал Neftegaz.RU,2410-3837
Демографическое обозрение,2409-2274
Деньги и кредит,0130-3090
Деревообрабатывающая,0011-9008
Детская хирургия,1560-9510
Детские болезни сердца и,1810-0686
Детские инфекции,2072-8107
Детские чтения,2304-5817
Дефектология,0130-3074
Диагностическая и,1993-5234
Диалог со временем. Альманах,2073-7564
Дидактика математики:,2079-9152
Дизайн и технологии,2076-4693
Дизайн. Материалы.,1990-8997
Динамика и виброакустика,2409-4579
Динамика сложных систем -,1999-7493
Дипломатическая служба,2075-4440
Дискурс,2412-8562
Дискурс-Пи,1817-9568
Дискуссия,2077-7639
Дифференциальные уравнения,1817-2172
Дневник Казанской,2308-2038
Доказательная,2305-2260
"Доказательная педагогика,",3034-2996
Доклады Академии наук,1727-2769
Доклады Башкирского,2587-6546
Доклады Национальной,2791-1489
Доклады Томского,1818-0442
Доктор.Ру,1727-2378
Дом Бурганова. Пространство,2071-6818
Достижения науки и техники,0235-2451
Достоевский и мировая,2619-0311
ДОШКОЛЬНИК. Методика и,2223-7003
Древняя Русь. Вопросы,2071-9574
Друкеровский вестник,2312-6469
Духовно-нравственное,2074-5001
Евразиатский,1684-4866
Евразийская адвокатура,2304-9839
Евразийская интеграция:,2073-2929
Евразийский кардиологический,2225-1685
Евразийский Союз: вопросы,2306-5702
Евразийский юридический,2073-4506
Ежегодник российского,1997-7549
Ежегодник финно-угорских,2311-0333
Ежеквартальный журнал,2713-2617
Естественно-гуманитарные,2309-4788
Естественные и технические,1684-2626
Жанры речи,2311-0740
Железнодорожный транспорт,0044-4448
Женское здоровье и,2712-8598
Женщина в российском,1992-2892
Живая психология,2413-6522
Животноводство и,2658-3135
Живые и биокосные системы,2308-9709
Жилищное строительство,0044-4472
Жилищное хозяйство и,2541-9110
Жилищные стратегии,2410-1621
"Журнал ""IВЕRОАМЕRIСА"" на",2075-9711
"Журнал ""АУДИТ""",2227-9288
Журнал ААИ,2073-9133
Журнал акушерства и женских,1684-0461
Журнал анатомии и,2225-7357
Журнал зарубежного,1991-3222
Журнал им. Н.В.,2223-9022
Журнал Института наследия /,2411-0582
Журнал инфектологии,2072-6732
Журнал исследований по,2500-3291
Журнал исследований,1727-0634
"Журнал исторических,",2522-4069
Журнал Конституционного,2072-4144
Журнал критики и,0042-8795
Журнал медико-биологических,2542-1298
Журнал «Мелиорация»,2070-4828
"Журнал микробиологии,",0372-9311
Журнал неврологии и,1997-7298
Журнал Новой экономической,2221-2264
Журнал Общества теории,2308-1333
Журнал педагогических,2500-3305
Журнал политических,2587-6295
Журнал правовых и,1995-1248
Журнал предпринимательского,2500-2899
Журнал прикладных,2712-7516
Журнал радиоэлектроники,1684-1719
Журнал российского права,1605-6590
Журнал Сердечная,1728-4651
Журнал Сибирского,1997-1389
Журнал Сибирского,1997-1370
Журнал Сибирского,1998-2836
Журнал социологии и,1029-8053
Журнал Средневолжского,2079-6900
Журнал Суда по,2313-4852
Журнал технической физики,0044-4642
Журнал теоретической и,0136-4545
Журнал Фронтирных,2500-0225
Журнал Экспериментальной и,0044-4510
Журналист. Социальные,2221-6073
Забайкальский медицинский,1998-6173
Заводская лаборатория.,1028-6861
Заготовительные производства,1684-1107
Закон,0869-4400
Закон и право,2073-3313
Законность,0869-4486
Законодательная и прикладная,2782-5418
Законодательство,1681-8695
"Законы России: опыт, анализ,",1992-8041
Записки Института истории,2310-6557
Защита и карантин растений,1026-8634
Защита информации. Инсайд,2413-3582
Защита окружающей среды в,2411-7013
"Здоровье, демография, экология",1994-8921
Здоровье населения и среда,2219-5238
Здравоохранение Дальнего,1728-1261
Здравоохранение Таджикистана,0514-2415
Земледелие,0044-3913
Землетрясения Северной,1818-6254
"Землеустройство, кадастр и",2074-7977
Зерновое хозяйство России,2079-8725
Знак: проблемное поле,2070-0695
Знание. Понимание. Умение,1998-9873
Зоотехния,0235-2478
Ибероамериканские тетради,2409-3416
Идеи и идеалы,2075-0862
Известия Национальной,2791-0717
Известия Академии наук,2076-2569
Известия Национальной,2791-2337
Известия Алтайского,1561-9443
Известия Алтайского отделения,2410-1192
Известия Байкальского,2500-2759
Известия Балтийской,2071-5331
Известия ВНИИГ им. Б.Е.,0368-0738
Известия Волгоградского,1815-9044
Известия Волгоградского,1990-5297
Известия Воронежского,2309-7078
Известия вузов. Инвестиции.,2227-2917
Известия вузов. Прикладная,2227-2925
Известия вузов. Физика,0021-3411
Известия вузов. Цветная,0021-3438
Известия высших учебных,2219-9373
Известия высших учебных,0016-7762
Известия высших учебных,1993-8985
Известия высших учебных,0536-1028
Известия высших учебных,0536-1036
Известия высших учебных,0021-3446
Известия высших учебных,1609-3577
Известия высших учебных,0536-1044
Известия высших учебных,0445-0108
Известия высших учебных,0579-3009
Известия высших учебных,2072-3024
Известия высших учебных,2307-9150
Известия высших учебных,2072-3032
Известия высших учебных,2072-3016
Известия высших учебных,2072-3059
Известия высших учебных,2072-3040
Известия высших учебных,0021-3454
Известия высших учебных,0869-6632
Известия высших учебных,2072-6775
Известия высших учебных,1998-9903
Известия высших учебных,0321-3005
Известия высших учебных,0321-3056
Известия высших учебных,0321-2653
Известия высших учебных,2218-1784
Известия высших учебных,1993-1824
Известия высших учебных,0536-1052
Известия высших учебных,0021-3489
Известия высших учебных,0021-3497
Известия высших учебных,0136-3360
Известия высших учебных,1561-5405
Известия высших учебных,0204-3327
Известия Горского,2070-1047
"Известия ГГТУ. Медицина,",2687-1521
Известия Дагестанского ГАУ,2686-7591
Известия Дагестанского,1995-0675
Известия Дагестанского,1995-0667
Известия Дагестанского,1995-0659
Известия Дальневосточного,2311-2271
Известия Института,2073-8110
Известия Иркутского,2073-3372
Известия Иркутского,2227-2380
Известия Иркутского,2222-9124
Известия Иркутского,2073-3402
Известия Иркутского,2073-3380
Известия Иркутского,2304-1226
Известия Кабардино-,2411-3492
Известия Кабардино-,2221-7789
Известия Кабардино-,1991-6639
Известия Калининградского,1997-3071
Известия Казанского,2073-1523
Известия Коми научного центра,1994-5655
Известия Лаборатории древних,2415-8739
"Известия МГТУ ""МАМИ""",2074-0530
Известия Международной,1994-7860
ИЗВЕСТИЯ Нижневолжского,2071-9485
Известия Оренбургского,2073-0853
Известия Российского,1992-6464
Известия Российской академии,1605-7880
Известия Российской академии,0002-3310
Известия Российской академии,2073-8498
Известия Российской Академии,2075-3608
Известия Российской Военно-,2713-2315
Известия Самарского научного,1990-5378
Известия Самарского научного,2658-4816
ИЗВЕСТИЯ САМАРСКОГО,2413-9645
Известия Самарской,1997-3225
Известия Санкт-,2078-1318
Известия Санкт-,1998-9849
Известия Санкт-,2311-3464
Известия Санкт-Петербургской,2079-4304
Известия Саратовского,2304-9790
Известия Саратовского,1819-4907
Известия Саратовского,1816-9791
Известия Саратовского,1819-7663
Известия Саратовского,1818-9601
Известия Саратовского,1817-3020
Известия Саратовского,1817-7115
Известия Саратовского,1816-9775
Известия Саратовского,1994-2540
Известия Саратовского,1819-7671
Известия сельскохозяйственной,2413-1946
Известия Смоленского,2072-9464
"Известия СПбГЭТУ ""ЛЭТИ""",2071-8985
Известия Томского,2500-1019
Известия Транссиба,2220-4245
Известия Тульского,2071-6141
Известия Тульского,2071-6176
Известия Тульского,2312-2374
Известия Тульского,2218-5194
Известия Тульского,2071-6168
Известия Тульского,2305-8404
Известия Тульского,2071-6184
Известия Уральского,2307-2091
Известия Уральского,2227-2275
Известия Уральского,2227-2283
Известия Уфимского научного,2222-8349
Известия Чеченского,2587-6074
Известия Юго-Западного,2223-1560
Известия Юго-Западного,2223-1501
Известия Юго-Западного,2223-1528
Известия Юго-Западного,2223-1536
Известия Юго-Западного,2223-1552
Известия Южного,1995-0640
Известия ЮФУ. Технические,1999-9429
Измерение. Мониторинг.,2307-5538
Изобразительное искусство,2713-2722
Имагология и,2409-9554
Иммунология,0206-4952
Имущественные отношения в,2072-4098
Индоевропейское языкознание,2306-9015
Индустриальная Экономика,2712-7559
Индустрия питания/Food,2500-1922
Инженерная геология,1993-5056
Инженерная физика,2072-9995
Инженер-нефтяник,2072-7232
Инженерно-строительный,3212-3702
Инженерные изыскания,1997-8650
Инженерные технологии и,2658-4123
Инженерный вестник Дона,2073-8633
Инженерный журнал: наука и,2308-6033
Инициативы XXI века,2073-4131
Инновации,2071-3010
ИННОВАЦИИ В ЖИЗНЬ,2227-6300
Инновации в менеджменте,2311-5319
Инновации в АПК: проблемы и,2311-9535
Инновации в образовании,1609-4646
Инновации и,2311-0651
Инновационная деятельность,2071-5226
Инновационная медицина,2541-9897
Инновационная наука:,2658-7165
Инновационная научная,2686-8970
Инновационная экономика:,2411-9520
Инновационная экономика и,2310-0710
Инновационное развитие,2304-2818
Инновационное развитие,2223-7984
Инновационные проекты и,2306-8310
Инновационные транспортные,2782-3733
Иностранные языки в высшей,2072-7607
Иностранные языки в школе,0130-6073
Институт психологии,2542-0852
Институт психологии,2541-8688
Институт Стоматологии,2073-6460
Интегративная физиология,2687-1270
Интеграция образования,1991-9468
Интеллект. Инновации.,2077-7175
Интеллектуальная,0201-7059
Интеллектуальная,0201-7067
Интеллектуальная,2658-6754
Интеллектуальные системы в,1813-7911
Интеллектуальные системы.,2411-4448
Интеллигенция и мир,1993-3959
Интеракция. Интервью.,2687-0401
Интернет-журнал «Отходы и,2500-0659
Интернет-журнал,2413-9807
Инфекции в хирургии,2220-2412
Инфекционные болезни,1729-9225
Инфекционные болезни:,2305-3496
Инфекция и иммунитет,2220-7619
Инфокоммуникационные и,2587-9936
Инфокоммуникационные,2073-3909
Информатика и автоматизация,2713-3192
Информатизация в цифровой,2712-9306
Информатизация и связь,2078-8320
Информатизация образования и,2073-7572
Информатика в школе,2221-1993
Информатика и ее применения,1992-2264
Информатика и образование,0234-0453
Информатика и системы,1814-2400
"Информатика,",2687-0517
Информационное общество,1606-1330
Информационно-,2070-0814
Информационно-,2409-1650
Информационно-управляющие,1684-8853
Информационно-,2311-1348
Информационные войны,1996-4544
Информационные и,2413-0133
Информационные и,2218-5070
Информационные ресурсы,0204-3653
Информационные системы и,2072-8964
Информационные технологии,1684-6400
Информационные технологии в,2073-2597
Информационные технологии в,2686-7362
Информационные технологии и,2071-8632
Информация и безопасность,1682-7813
Информация и Космос,2072-9804
Ипатьевский вестник,2309-5164
Иппология и ветеринария,2225-1537
Искусственные общества,2077-5180
Искусственный интеллект и,2071-8594
Искусство Евразии,2518-7767
Искусство и образование,2072-0432
Искусство музыки: теория и,2307-5015
Искусство правоведения.,2949-1088
Искусствоведение,2949-3277
Ислам в современном мире:,2074-1529
Исламоведение,2077-8155
Исследование проблем,2782-6414
Использование и охрана,2222-5633
Исследования водных,2072-8212
Историко-биологические,2076-8176
Историко-географический,2782-6511
Историко-правовые проблемы:,2309-1592
Историко-экономические,2308-2488
Историческая информатика,2585-7797
ИСТОРИЧЕСКАЯ,2409-6105
Исторические записки,0130-6685
Исторический архив,0869-6322
Исторический бюллетень,2658-5685
Исторический вестник,2306-4978
Исторический журнал: научные,2454-0609
Исторический курьер,2618-9100
Исторический поиск / Historical,2712-9454
История государства и права,1812-3805
История и педагогика,2226-2296
История и архивы,2658-6541
ИСТОРИЯ И СОВРЕМЕННОЕ,2658-4654
История. Культурология.,3034-3364
История медицины,2311-6919
История повседневности,2542-2375
История философии / History of,2074-5869
История: Факты и Символы,2410-4205
Кадровик,2074-0107
Казанская наука,2078-9955
Казанский лингвистический,2658-3321
Казанский медицинский,0368-4814
Казанский социально-,2079-5912
Казанский экономический,2305-4212
Кантовский сборник,0207-6918
Карантин растений. Наука и,2306-9767
Кардиоваскулярная терапия и,1728-8800
Кардиологический вестник -,2077-6764
Кардиология и сердечно-,1996-6385
"Кардиология: новости, мнения,",2309-1908
Картофель и овощи,0022-9148
Катарактальная и,2413-0338
Каучук и резина,0022-9466
Кафедра травматологии и,2226-2016
Качественная Клиническая,2588-0519
Качество и жизнь,2312-5209
Квантовая электроника,0368-7147
Клеточная терапия и,1866-8836
Клиницист,1818-8338
Клиническая геронтология,1607-2499
Клиническая дерматология и,1997-2849
Клиническая и специальная,2304-0394
Клиническая и,2226-5988
Клиническая и,1995-5472
Клиническая и,2308-1198
Клиническая лабораторная,0869-2084
Клиническая медицина,0023-2149
Клиническая микробиология и,1684-4386
Клиническая нефрология,2075-3594
Клиническая онкогематология.,1997-6933
Клиническая практика,2220-3095
Клиническая фармакология и,0869-5490
Клиническая физиология,1814-6910
Клинический вестник ФГБУ,2782-6430
Клинический разбор в общей,2713-2552
Клио,2070-9773
Когнитивные исследования,2071-9639
Коллекция гуманитарных,2500-3585
Колопроктология,2073-7556
Коммуникативные,2413-6162
Коммуникология,2311-3065
Компетентность,1993-8780
Комплексные проблемы,2306-1278
Компрессорная техника и,2413-3035
Компьютерные инструменты в,2071-2340
Компьютерные исследования и,2076-7633
Коневодство и конный спорт,0023-3285
Конкурентное право,2225-8302
Конституционное и,1812-3767
Конструкции из,2073-2589
Консультативная психология и,2075-3470
Контекст и рефлексия:,2223-5485
Контроллинг,1998-6157
Контроль. Диагностика,0201-7032
Контроль качества продукции,2541-9900
Контуры глобальных,2542-0240
Конфликтология,1818-1198
Конфликтология / nota bene,2454-0617
Копирайт (вестник Академии,2307-2741
"Концепт: философия, религия,",2541-8831
Кормление,2075-1524
Кормопроизводство,1562-0417
Корпоративное управление и,2070-4992
Корпоративные финансы,2073-0438
Космическая техника и,2308-7625
Космические аппараты и,2618-7957
Космонавтика и ракетостроение,1994-3210
Костюмология,2587-8026
Краткие сообщения Института,0130-2620
Креативная кардиология,1997-3187
Креативная хирургия и,2076-3093
Креативная экономика,1994-6929
Крестьяноведение,2500-1809
КриминалистЪ,2686-7753
"Криминалистика: вчера,",2587-9820
Криминологический журнал,2687-0185
Кролиководство и звероводство,0023-4885
Крымский журнал,2224-6444
Крымский терапевтический,2307-5236
Кубанский научный,1608-6228
Кузнечно-штамповочное,0234-8241
Культура и безопасность,2712-8997
Культура и искусство,2222-1956
Культура и образование:,2310-1679
Культура и текст,2305-4077
Культура и цивилизация,2223-5426
Культура Мира,2949-2521
Культура физическая и,1999-3455
"Культура: управление,",2070-2159
Культурное наследие России,2308-2062
Культурно-историческая,1816-5435
Культурный код,2658-3852
Кунсткамера,2618-8619
Курортная медицина,2304-0343
Культурологический журнал /,2222-2480
Лабораторная и клиническая,2712-9330
Лабораторная служба,2305-2198
Лазерная медицина,2071-8004
Лакокрасочные материалы и их,0130-9013
Латиноамериканский,2713-0282
Ленинградский юридический,1813-6230
Леса России и хозяйство в них,2218-7545
Лесной вестник / Forestry,2542-1468
Лесоведение,0024-1148
Лесотехнический журнал,2222-7962
Лесохозяйственная информация,2304-3083
Летняя школа по русской,2307-5945
Лечащий врач,1560-5175
Лечебная физкультура и,2072-4136
Лечебное дело,2071-5315
Лечение и профилактика,2225-4064
Лизинг,2074-8035
Лидерство и менеджмент,2410-1664
Лингвистика и образование,2712-9519
Литейщик России,1684-1085
Литература в школе / Literature,0130-3414
Литература двух Америк,2541-7894
Литературный факт,2541-8297
Литературоведческий журнал,2073-5561
Литосфера,1681-9004
Личность в меняющемся мире:,2307-9886
ЛОББИРОВАНИЕ В,2782-7372
Логистика,2219-7222
Логистика и управление цепями,1727-6349
Логос,0869-5377
"Локус: люди, общество,",2219-3987
Лучевая диагностика и терапия,2079-5343
Магарач. Виноградарство и,2309-9305
Мануальная терапия,1684-6753
Манускрипт,2949-3242
Манускрипт,2618-9690
Маркетинг в России и за,1028-5849
Маркетинг и маркетинговые,2074-5095
Маркшейдерия и,2079-3332
Маркшейдерский вестник,2073-0098
Математика в школе,0130-9358
Математика и математическое моделирование,2412-5911
Математические вопросы,2220-2617
Математические заметки СВФУ,2411-9326
Математическое,2309-3684
Математическая физика и,2587-6325
Машиностроение и инженерное,1815-1051
Медиалингвистика,2312-0274
Меди@льманах,1992-4631
Медиаскоп,2074-8051
Медико-биологические и,1995-4441
Медико-социальная экспертиза,1560-9537
Медицина,2308-9113
Медицина в Кузбассе,2687-0053
Медицина и высокие,2306-3645
Медицина катастроф,2070-1004
МЕДИЦИНА. СОЦИОЛОГИЯ.,2686-9365
Медицина труда и,1026-9428
Медицина труда и экология,2411-3794
Медицина экстремальных,2306-6326
Медицинская визуализация,1607-0763
Медицинская генетика,2073-7998
Медицинская иммунология,1563-0625
Медицинская наука и,1814-8999
Медицинская паразитология и,0025-8326
Медицинская радиология и,1024-6177
Медицинские технологии.,2219-0678
Медицинский академический,1608-4101
Медицинский алфавит,2078-5631
Медицинский альманах,1997-7689
Медицинский альянс,2307-6348
Медицинский вестник,1999-6202
Медицинский вестник ГВКГ,2782-1730
Медицинский вестник МВД,2073-8080
Медицинский вестник,2791-0687
Медицинский вестник Юга,2219-8075
Медицинский оппонент,2619-0001
Медицинское образование и,2220-8453
Медлайн.Ру,1999-6314
Междисциплинарный научно-,0514-7468
Международная аналитика,2587-8476
Международная жизнь,0130-9625
Международная торговля и,2410-7395
Международная экономика,2074-6040
Международное аналитическое,1998-1295
Международное право,2306-9899
Международное право и,2226-6305
Международное правосудие,2226-2059
Международное публичное и,1812-3910
Международное уголовное,2071-1190
Международные отношения,2454-0641
Международные процессы.,1728-2756
Международный аспирантский,2074-1154
Международный бухгалтерский,2073-5081
Международный вестник,2072-2419
Международный журнал,0869-4435
Международный журнал,2079-1100
Международный журнал сердца,2311-1623
Международный журнал по,1562-3629
Международный,2312-1327
Международный научно-,2687-1084
Международный научно-,2500-2325
Международный научно-,2411-5703
Международный научно-,2411-8966
Международный научно-,2618-8198
Международный научно-,2500-1833
Международный научный,2782-3849
Международный научный,1995-4638
Международный правовой,2413-3140
Международный правовой,2311-4525
Международный,2413-7383
Международный,2587-6740
Международный технический,2949-4176
Международный электронный,1998-4839
Международный электронный,2618-7035
Мелиорация и водное,0235-2524
Мелиорация и,2712-9357
Менеджер здравоохранения,1811-0185
Менеджмент в России и за,1028-5857
Менеджмент и бизнес-,2075-1826
Менеджмент качества в,2658-5898
Местное право,2075-1788
Металлические конструкции,1993-3517
Металловедение и термическая,0026-0819
Металлообработка,1684-6702
Метаморфозы истории,2414-3677
Метафизика,2224-7580
Механика композиционных,1029-6670
"Механика машин, механизмов и",1995-0470
"Мехатроника, автоматизация,",1684-6427
Миграционное право,2071-1182
Микроэкономика,1817-1591
Микроэлементы в медицине,1607-9957
Микроэлектроника,0544-1269
МИР (Модернизация.,2079-4665
Мир измерений,1813-8667
Мир лингвистики и,1999-8406
"Мир науки, культуры,",1991-5497
Мир науки. Педагогика и,2658-6282
Мир нефтепродуктов,2782-3040
Мир новой экономики,2220-6469
Мир образования – образование,2073-8536
Мир перемен,2073-3038
Мир психологии,2073-8528
Мир русского слова,1811-1629
Мир русскоговорящих стран,2658-7866
"Мир науки. Социология,",2542-0577
Мир техники кино,1991-3400
Мир транспорта,1992-3252
Мир транспорта и,2073-7432
Мир экономики и управления,2542-0429
Мировая политика,2409-8671
Мировая экономика и,0131-2227
Мировая экономика и мировые,2949-6454
Мировое и национальное,2713-0983
Мировой судья,2072-4152
Миссия конфессий,2499-9423
"Модели, системы, сети в",2227-8486
Моделирование и анализ,2219-3758
Моделирование и анализ,2313-5417
Моделирование систем и,2219-0767
"Молекулярная генетика,",0208-0613
Молекулярная медицина,1728-2918
Молочное и мясное,0026-9034
Молочная промышленность,1019-8946
Молочнохозяйственный,2225-4269
Монголоведение (Монгол,2500-1523
Мониторинг общественного,2219-5467
Мониторинг правоприменения,2226-0692
МОНИТОРИНГ. Наука и,2076-7358
Морская медицина,2413-5747
Морская радиоэлектроника,2220-8712
МОРСКИЕ,2073-7173
Морской биологический,2499-9768
Морской вестник / Morskoy,1812-3694
Морской гидрофизический,0233-7584
Морской сборник,0134-9236
Морфологические ведомости,1812-3171
Морфология,1026-3543
Московский журнал,0869-0049
Московский педагогический,2949-4990
Московский хирургический,2072-3180
Московский юридический,2949-5091
Муаррих,2709-7382
Музыка в системе культуры:,2658-7858
Музыка и время,2072-9960
"Музыка. Искусство, наука,",2226-3330
Музыкальная академия,0869-4516
Музыкальное искусство,2782-1773
Музыкальное искусство и,2309-1428
Музыкальный журнал,2413-0486
Музыковедение,2072-9979
Муниципалитет: экономика и,2304-3385
Муниципальная служба:,2072-4314
Муниципальное имущество:,2500-0349
Муниципальное образование:,2306-8329
Мясная индустрия,2618-8252
Навигация и гидрография,2220-0983
Навигация и управление,2618-7868
Надежность,1729-2646
Надежность и качество,2307-4205
Налоги,1999-4796
Налоги и налогообложение,1812-8688
Налоговая политика и практика,2071-5250
Налоговед,1810-1984
Нано и микросистемная,1813-8586
НАНОИНДУСТРИЯ,1993-8578
Наноматериалы и,2225-0999
"Наносистемы: физика, химия,",2220-8054
Наноструктуры.,2224-8412
"Нанотехнологии: разработка,",2225-0980
Наркоконтроль,2072-4160
Наркология,1682-8313
Народное образование,0130-6928
Народонаселение,1561-7785
Народы и религии Евразии,2542-2332
На страже экономики,2588-0071
Наследие веков,2412-9798
Наследие и современность,2619-0214
Наследственное право,2072-4179
Наука в центральной России,2305-2538
Наука и бизнес: пути развития,2221-5182
Наука и инновации в медицине,2500-1388
Наука и искусство управления /,2782-2222
Наука и спорт: современные,2308-8826
Наука и техника в газовой,2070-6820
Наука и техника в дорожной,1993-8543
Наука и техника транспорта,2074-9325
Наука и технологии,2221-2701
Наука Красноярья,2070-7568
Наука. Культура. Общество,2713-0681
Наука молодых (Erudition,2311-3820
Наука. Образование.,2658-7335
Наука. Общество. Оборона,2311-1763
Наука о человеке:,1998-5320
Наука Юга России,2500-0640
Наука. Инновации. Технологии,2308-4758
Наука. Искусство. Культура,2305-5499
Науки о Земле и,2686-9993
Наукоемкие технологии,1999-8465
Наукоемкие технологии в,2409-5419
Наукоемкие технологии в,2223-4608
Научная жизнь,1991-9476
Научная мысль Кавказа,2072-0181
Научно-агрономический,2500-0047
Научно – практический журнал,1812-0555
Научно-аналитический вестник,2618-7914
Научно-аналитический журнал,2687-0703
научно-практический журнал,2686-9764
"Научно-практический,",2227-3891
Научное мнение,2222-4378
Научное мнение.,2222-4379
Научное обеспечение системы,2076-8907
Научное обозрение. Серия 1.,2076-4650
Научное обозрение. Серия 2.,2076-4685
Научное обозрение: теория и,2226-0226
Научное приборостроение,0868-5886
Научные проблемы водного,2713-1858
Научный журнал «Менеджер»,2518-1440
Научно-методический журнал,1817-6488
Научно-образовательный и,2223-1277
Научно-педагогическое,2307-6127
Научно-практическая,1995-4484
Научно-практический журнал,2312-3184
Научно-практический журнал,1999-3765
Научно-практический журнал,2219-0279
Научно-практический журнал,0869-4427
Научно-практический журнал,2307-2873
Научно-практический журнал,1812-5220
Научно-практический журнал,2077-3366
Научно-практический журнал,2542-0259
Научно-практический журнал,2223-6880
Научно-практический журнал,1819-0464
Научно-производственный,0033-3239
Научно-технические ведомости,2304-9782
Научно-технический вестник,1810-5599
Научно-технический вестник,2413-9920
Научно-технический вестник,2226-1494
Научно-технический вестник,2079-5920
Научно-технический журнал,2413-5011
Научно-технический журнал,9999-0210
Научно-технический журнал,1999-5555
Научно-технический журнал,2587-9707
Научно-технический журнал,2541-8882
Научно-технический журнал,2306-8345
Научно-технический сборник,2306-8949
Научно-технический сборник,2223-7097
Научно–технический сборник,1819-3900
Научные и образовательные,2079-7001
Научные и технические,0130-9765
Научные исследования и,2587-6279
Научные исследования и,2587-9103
Научные исследования и,2587-9111
Научные исследования и,2587-6287
Научные исследования,2078-3809
Научные результаты,2658-6533
Научные труды Вольного,2072-2060
Научные труды Дальрыбвтуза,2713-3222
Научные труды Института,2712-8318
Научные труды: Институт,2076-3182
Научные труды Санкт-,2782-1889
Научный альманах стран,2414-1143
Научный вестник ГосНИИ ГА,2309-2998
Научный вестник Московского,2079-0619
Научный вестник Московской,2079-9438
Научный вестник НИИ,2414-5777
Научный вестник оборонно-,2410-4124
Научный вестник Орловского,2713-2536
"Научный вестник: финансы,",2312-5330
Научный журнал «Juvenis,2414-3782
"Научный журнал ""Вестник",2073-9621
Научный журнал,2310-6018
Научный журнал «Мягкие,2618-9976
Научный журнал,1564-2291
Научный журнал Российского,2412-6497
"Научный журнал ""Труды",2070-4755
"Научный журнал ""Управление в",2311-1313
Научный журнал,2410-6348
Научный журнал НИУ ИТМО.,2310-1164
Научный журнал НИУ ИТМО.,2310-1172
Научный журнал строительства,2541-7592
Научный и общественно-,2074-0492
Научный информационный,0869-4176
Научный журнал,1991-9700
Научный журнал,2309-2076
Научный информационный,0236-1914
"Научный поиск: личность,",2713-0959
Научный портал МВД России,2073-4069
Научный результат. Вопросы,2313-8912
Научный результат.,2518-1092
Научный результат. Педагогика,2313-8971
Научный результат.,2408-9338
Научный результат.,2408-9346
Научный результат.,2409-1634
Национальная,2073-8560
Национальное здоровье /,2410-8952
Национальные интересы:,2073-2872
Национальный журнал,2078-4104
Национальный,2079-6617
НАЧАЛА РУССКОГО МИРА,3034-1337
Начальная школа,0027-7371
Неотложная кардиология,2413-8991
Начальное образование,1998-0728
Неврологический вестник,1027-4898
Неврологический журнал,1560-9545
Неврологический журнал,2686-8997
"Неврология, нейропсихиатрия,",2074-2711
"Недвижимость: экономика,",2073-8412
Недропользование,2712-8008
Недропользование-XXI век,1998-4685
Неизвестный Достоевский,2409-5788
"Нейрокомпьютеры: разработка,",1999-8554
Нейрохирургия,1683-3295
Нейрохирургия и неврология,1680-6786
Нелинейный мир,2070-0970
"Неонатология: новости,",2308-2402
Неотложная хирургия им. И.И.,2712-9632
Неофилология,2587-6953
Непрерывное образование: XXI,2308-7234
Нервно-мышечные болезни,2222-8721
Нервные болезни,2226-0757
Нефрология,1561-6274
Нефрология и диализ,1680-4422
Нефтегазовое дело,2073-0128
Нефтегазохимия,2310-8266
Нефтепереработка и,0233-5727
Нефтепромысловое дело.,0207-2351
Нефть. Газ. Новации,2077-5423
Нефтяная провинция,2412-8910
Нефтяное хозяйство,0028-2448
Нива Поволжья,1998-6092
Нижегородское образование,2073-1086
Новая и новейшая история,0130-3864
Новое в психолого-,2072-2516
Новое литературное обозрение,0869-6365
Новое прошлое / The New Past,2500-3224
Новости навигации,2223-0475
Новости клинической,1562-4943
Новые психологические,2782-2184
Новые технологии / New,2072-0920
Новый филологический,2072-9316
Нормативно-правовое,2782-6252
Нотарiальный вѣстникъ,1819-6624
Нотариус,1813-1204
ОБЖ. Основы безопасности,1998-0736
Обзор педагогических,2687-0428
Обзоры по клинической,1683-4100
Обогащение руд,0202-3776
Обозреватель-Observer,2074-2975
Обозрение психиатрии и,2313-7053
Оборонный комплекс – научно-,1729-6552
Оборудование и технологии для,1999-6934
Обработка металлов,1994-6309
Образование и культурное,2713-2803
Образование и наука,1994-5639
Образование и общество,2071-6710
Образование и право,2076-1503
Образование и саморазвитие,1991-7740
Образование личности,2225-7330
Образование. Наука. Научные,2073-3305
Образовательные ресурсы и,2500-2112
Обсерватория культуры,2072-3156
Общая реаниматология,1813-9779
Общенациональный научно-,2071-5358
Общероссийский научно-,1684-1301
Общественное здоровье,2782-1676
Общественные науки и,0869-0499
Общество и право,1727-4125
Общество и экономика,0207-3676
Общество. Среда. Развитие.,1997-5996
"Общество: политика,",2071-9701
"Общество, право,",2949-0979
"Общество: социология,",2221-2795
"Общество: философия, история,",2221-2787
Овощи России,2072-9146
"Овцы, козы, шерстяное дело",2074-0840
Огнеупоры и техническая,0369-7290
Ожирение и метаболизм,2071-8713
Ойкумена. Регионоведческие,1998-6785
Окружающая среда и (,2658-6703
Омский научный вестник,1813-8225
Омский научный вестник.,2588-0373
Омский научный вестник.,2542-0488
Онкогематология,1818-8346
Онкогинекология,2227-8710
Онкологический журнал:,2587-7593
Онкопедиатрия,2311-9977
Онкоурология,1726-9776
Онтология проектирования,2223-9537
Оперативная хирургия и,2587-7755
Оперативник,1999-2696
Оптика атмосферы и океана,0869-5695
Оптика и спектроскопия,0030-4034
Оптический журнал,1023-5086
Опухоли головы и шеи,2222-1468
Опухоли женской,1994-4098
Организатор производства,1810-4894
Организационная психология,2312-5942
Организационная,2619-0273
"ОРГЗДРАВ: новости, мнения,",2411-8621
Оренбургский медицинский,2309-0782
Ориенталистика,2618-7043
Орошаемое земледелие,2618-8279
Ортодоксия,2712-9276
Ортодонтия,2924-7068
"Ортопедия, травматология и",2309-3994
"Основы экономики, управления",2305-8641
Остеопороз и остеопатии,2072-2680
От химии к технологии шаг за,2782-1900
Отечественная геология,0869-7175
Отечественная и зарубежная,2224-0772
Отечественная филология,2949-5016
Открытое образование,1818-4243
Открытые системы. СУБД,1028-7493
Оториноларингология.,2226-3322
Офтальмологические,1998-7102
Офтальмология,1816-5095
Офтальмохирургия,0235-4160
П.О.И.С.К. (Политика.,2072-6015
Палеоросия. Древняя Русь: во,2618-9674
Палимпсест.,2658-7475
Паллиативная медицина и,2079-4193
Пародонтология,1683-3759
ПАТЕНТЫ И ЛИЦЕНЗИИ.,2413-5631
Патогенез,2310-0435
Патология кровообращения и,1681-3472
Патологическая физиология и,0031-2991
Педагогика. Вопросы теории и,2686-8725
Педагогика искусства,1997-4558
Педагогика сельской школы,2686-8652
Педагогико-психологические и,2070-4798
Педагогическая информатика,2077-9013
Педагогические измерения,2587-9375
Педагогические исследования,2782-2346
Педагогический журнал,2223-5434
Педагогический журнал,1817-3292
Педагогический ИМИДЖ,2409-5052
Педагогический научный,2949-0863
Педагогическое образование /,2712-9950
Педагогическое образование в,2079-8717
Педагогическое образование и,2072-2524
Педиатр,2079-7850
Педиатрическая фармакология,1727-5776
Педиатрия. Consilium Medicum,2658-6630
ПЕРВАЯ МИЛЯ LAST MILE,2070-8963
Первый экономический журнал,2782-5183
Пермский медицинский журнал,0136-1449
Перспективы науки,2077-6810
Перспективы науки и,2307-2334
Петербургский экономический,2307-5368
Пиво и напитки,2072-9650
Пилотируемые полеты в космос,2226-7298
Письма в Вавиловский журнал,2686-8482
Письма в Эмиссия. Оффлайн,2500-2244
Письма в Журнал технической,0320-0116
Письма о материалах,2218-5046
Письменные памятники,1811-8062
Пищевая промышленность,0235-2486
Пищевые системы – Food,2618-9771
Пластическая хирургия и,2686-7346
Плодоводство и виноградарство,2219-5335
Плодоводство и ягодоводство,2073-4948
Плодородие,1994-8603
Поведенческая неврология,2712-9675
Поволжская археология,2306-4099
Поволжский онкологический,2078-1466
Поволжский педагогический,2307-1052
Подводные исследования и,1992-4429
Подъемно-транспортное дело,2077-5903
Пожарная безопасность,2411-3778
Пожаровзрывобезопасность,0869-7493
Пожары и чрезвычайные,2071-9116
Познание и переживание,2782-2168
Ползуновский вестник,2072-8921
Полилог / Polylogos,2587-7011
Полимерные материалы и,2415-7260
ПОЛИС. Политические,1026-9487
Политематический сетевой,1990-4665
Политехнический вестник.,2520-2235
Политехнический вестник.,2520-2227
Политика и общество,2454-0684
Политическая лингвистика,1999-2629
Политическая наука,1998-1775
Политическая экспертиза:,1818-4499
ПОЛИТИЯ. Журнал,2078-5089
Политравма/Polytrauma,1819-1495
Полицейская деятельность,2454-0692
Полицейская и следственная,2409-7810
Полупроводниковая,2079-9462
Постсоветские исследования,2618-7426
Постсоветский материк,2311-6412
Почвы и окружающая среда,2618-6802
Правда и закон,2587-8387
Право и бизнес,2712-8865
Право в Вооруженных Силах -,2219-5947
Право и государство: теория и,1815-1337
Право и политика,1811-9018
Право и практика,2411-2275
Право и современные,2307-3306
Право и управление. XXI век,2073-8420
Право и управление,2224-9133
Право и экономика,0869-7671
Право интеллектуальной,2072-4322
Право: история и,2588-0012
Право.by,1997-7328
Право. Безопасность.,2074-1626
Право. Журнал Высшей школы,2072-8166
Правовая жизнь,2307-5198
Правовая информатика,1994-1404
Правовая культура,1992-5867
Правовая политика и правовая,1608-8794
Правоведение,2658-6037
Правовое государство: теория и,2500-0217
Правоприменение,2542-1514
Правовой энергетический,2312-4350
Правосудие / Justice,2686-9241
Практика противокоррозионной,1998-5738
Практика педиатра,2658-7319
Практики и интерпретации:,2415-8852
Практическая аллергология,2712-9667
Практическая медицина,2072-1757
Практическая онкология,1726-9814
Практическая пульмонология,2409-6636
Практическая силовая,1996-7888
Практический маркетинг,2071-3762
Предпринимательское право,1999-4788
Представительная власть - XXI,2073-9532
Пренатальная диагностика,0234-4521
Преподавание истории в школе,0132-0696
Преподавание истории и,2074-4935
Преподаватель ХХI век,2073-9613
Препринты ИПМ им. М.В.,2071-2901
Приборы,2071-7865
Приборы и системы,2074-8906
Приборы и системы.,2073-0004
Приборы и техника,0032-8162
Приводы и компоненты машин,2223-1587
Приволжский научный журнал,1995-2511
Прикаспийский журнал:,2074-1707
Прикладная дискретная,2071-0410
Прикладная информатика /,1993-8314
Прикладная математика и,2499-9873
Прикладная математика &,2687-0959
Прикладная психология и,2500-0543
Прикладная физика,1996-0948
Прикладная физика и,2307-1621
Прикладная эконометрика,1993-7601
Прикладная юридическая,2072-8336
Прикладные информационные,2070-9277
Прикладные экономические,2313-2086
Приложение международного,2587-5558
Принципы экологии,2304-6465
Природные и техногенные,2221-5638
Природные ресурсы Арктики и,2618-9712
Природообустройство,1997-6011
Пробелы в российском,2072-3164
Проблемы агрохимии и,2072-0386
Проблемы Арктики и,0555-2648
Проблемы биологии,1996-6733
Проблемы востоковедения,2223-0564
Проблемы гастроэнтерологии,0868-8109
Проблемы Дальнего Востока,0131-2812
Проблемы информатики,2073-0667
Проблемы информационной,2071-8217
"Проблемы истории, филологии,",1992-0431
Проблемы исторической,2411-4642
Проблемы машиностроения и,0234-6206
Проблемы машиностроения и,0235-7119
Проблемы медицинской,1999-6780
Проблемы межрегиональных,2414-5734
Проблемы музыкальной науки /,2782-3601
Проблемы музыкальной науки /,2782-3598
Проблемы национальной,2079-3359
Проблемы особо опасных,0370-1069
Проблемы постсоветского,2313-8920
Проблемы права,2075-7913
Проблемы прогнозирования,0868-6351
Проблемы правоохранительной,1819-7426
Проблемы прочности и,1814-9146
Проблемы развития АПК,2079-0996
Проблемы развития территории,2076-8915
Проблемы репродукции,1025-7217
"Проблемы сбора, подготовки и",1998-8443
Проблемы современного,2218-8711
Проблемы современного,2311-1305
Проблемы современной,1818-3395
Проблемы социально-,2224-1833
Проблемы стандартизации в,1607-2502
Проблемы стоматологии,2077-7566
Проблемы теории и практики,0234-4505
Проблемы управления рисками,1998-8990
Проблемы управления/Control,1819-3161
Проблемы черной металлургии,1997-9258
Проблемы экономики и,1999-6942
Проблемы экономики и,2541-8025
Программная инженерия,2220-3397
Программные системы и,2305-6061
Программные системы: теория,2079-3316
Прогрессивная экономика,2713-1211
Продовольственная политика,2499-9431
Проектирование и технология,2071-9809
ПРОЕКТИРОВАНИЕ. ОПЫТ.,3034-2058
Пролог: журнал о праве /,2313-6715
Промышленная ботаника,1728-6204
Промышленная энергетика,0033-1155
Промышленное и гражданское,0869-7019
Промышленное производство и,2071-8268
Промышленные АСУ и,1561-1531
Промышленные процессы и,2713-0789
Промышленный сервис,2224-9656
PROНЕФТЬ. Профессионально,2587-7399
Пространственная экономика,1815-9834
"Пространство, время и",2226-8812
Противодействие терроризму.,2304-5825
Профессиональное образование,2220-3036
Профессиональное образование,2224-1841
Профессиональное образование,2307-4264
Профессорский журнал. Серия:,2687-0339
Профилактическая и,2074-9120
Профилактическая медицина,2305-4948
Профильная школа,1198-0744
Процессы в геосредах,2412-9429
Психиатрия,1683-8319
Психиатрия и,2075-1761
Психические расстройства в,2074-2363
Психолог,2409-8701
Психологическая наука и,1814-2052
Психологические исследования,2075-7999
Психология и педагогика,2782-7348
Психология и право,2222-5196
Психология и психотехника,2070-8955
Психология образования в,2073-8439
Психология обучения,1561-2457
Психология. Журнал Высшей,1813-8918
Психология. Историко-,2223-5477
Психология. Психофизиология,2686-7281
Психология человека в,2686-9527
Психолого-педагогические,2587-6139
Психолого-педагогический,2075-3500
Психопедагогика в,1999-6241
Псковский регионологический,2219-7931
Птица и птицепродукты /,2073-4999
Публичное и частное право,2073-8501
Публичное право сегодня,2541-8440
Пульмонология,0869-0189
Путеводитель,2073-9885
Путевой Навигатор,2541-9986
Путь и путевое хозяйство,0131-5765
Пчеловодство,0369-8629
Радиационная биология.,0869-8031
Радиация и риск. Бюллетень,0131-3878
Радиология - практика,2713-0118
Радиопромышленность,2413-9599
Радиотехника,0033-8486
Радиотехнические и,2221-2574
Радиоэлектроника.,2218-3000
Развитие и безопасность,2713-2633
Развитие личности /,2071-9788
Развитие образования,2619-1466
Развитие территорий,2412-8945
Разнообразие растительного,2686-9713
Разработка и регистрация,2305-2066
Ракетно-космическое,2409-0239
Расплавы,0235-0106
Расследование преступлений:,2411-1627
Растительность России,2073-0659
Растительные ресурсы,0033-9946
Растительный мир Азиатской,1995-2449
Реальная клиническая,2782-3784
Регионалистика,2313-0881
Рациональное освоение недр,2219-5963
Рациональная фармакотерапия,1819-6446
"Регион: системы, экономика,",1997-4469
Регион: экономика и,0868-5169
Региональная архитектура и,2072-2958
Региональная геология и,0869-7892
Региональная и отраслевая,2782-4578
Региональная экономика и,1999-2645
Региональная экономика. Юг,2310-1083
Региональная экономика:,2073-1477
Региональные геосистемы,2712-7443
Региональные исследования,1994-5280
Региональные проблемы,1812-7096
Регионарная анестезия и,1993-6508
Регионарное кровообращение и,1682-6655
Регионология,2413-1407
Регулярный научный журнал,2687-0541
Регуляторные исследования и,3034-3062
Релейная защита и,2222-5269
Религиоведение,2072-8662
Ремедиум,1561-5936
"Ремонт, восстановление,",1684-2561
Репродуктивное здоровье детей,1816-2134
Речной транспорт,1729-4258
"РИСК: Ресурсы, Информация,",0130-3848
Рисоводство,1684-2464
"РМЖ ""Клиническая",2311-7729
РМЖ. Мать и дитя,2618-8430
РМЖ (Русский Медицинский,2225-2282
РМЖ (Русский Медицинский,2587-6821
Робототехника и техническая,2310-5305
Родина,0235-7089
Российская Арктика,2658-4255
Российская археология,0869-6063
Российская детская,2307-6658
Российская,1810-4800
Российская педиатрическая,1993-1859
Российская ринология,0869-5474
Российская стоматология,2072-6406
Российская школа связей с,2949-2513
Российская юстиция,0131-6761
Российский аллергологический,1810-8830
Российский,1726-9784
Российский вестник акушера-,1726-6122
Российский вестник гигиены,2713-0835
Российский вестник дентальной,2220-4180
Российский вестник детской,2219-4061
Российский вестник,1027-4065
Российский,2072-8042
Российский гуманитарный,2305-8420
Российский,2713-0622
Российский журнал,2409-6601
Российский журнал боли,2219-5297
Российский журнал,1382-4376
Российский журнал,2686-8636
Российский журнал детской,2311-1267
Российский журнал кожных и,1560-9588
Российский журнал,1729-7427
Российский журнал правовых,2410-7522
Российский журнал прикладной,2411-7374
Российский журнал «Проблемы,2075-1818
Российский кардиологический,1560-4071
Российский медико-,0204-3475
Российский медицинский,0869-2106
Российский научный вестник,2782-3830
Российский неврологический,2658-7947
Российский,2071-2693
Российский онкологический,1028-9984
Российский остеопатический,2220-0975
Российский,2072-0076
Российский,1998-8435
Российский педиатрический,1560-9561
Российский психологический,1812-1853
Российский семейный врач,2072-1668
Российский сейсмологический,2686-7907
Российский следователь,1812-3783
Российский социально-,2949-5032
Российский стоматологический,1728-2802
Российский судья,1812-3791
Российский экономический,0130-9757
Российский экономический,2218-5402
Российский юридический,2071-3797
"Российское право: образование,",2410-2709
Российское право онлайн,2542-2472
Российско-китайские,2587-7445
Россия XXI,0869-8503
Россия в глобальном мире /,2949-3501
Россия и Америка в XXI веке,2070-5476
Россия и АТР,1026-8804
Россия и мир: научный диалог-,2782-3067
Россия и новые государства,2073-4786
Россия и современный мир,1726-5223
Руды и металлы,0869-5997
Русистика/ Russian language,2618-8163
Русская германистика:,2782-2605
Русская литература,0131-6095
Русская речь,0131-6117
Русская словесность,0868-9539
Русский журнал детской,2073-8803
Русский инженер,2074-9252
Русский язык в научном,1681-1062
Русский язык в школе,0131-6141
Русско-Византийский вестник,2588-0276
Рыбное хозяйство,0131-6184
Рыбоводство и рыбное,2074-5990
Садоводство и виноградарство,0235-2591
Самарский научный вестник,2309-4370
Самоуправление,2221-8173
Санитарный врач,2074-8841
Саратовский научно-,1995-0039
"Саркомы костей, мягких тканей",2219-4614
Сахар,2413-5518
Сахарная свекла,0036-3359
Сберегательное дело за,2782-5949
"Сборка в машиностроении,",0202-3350
Сборник научных трудов,2658-7009
Сборник научных трудов,1993-5579
Сборник научных трудов,1810-9594
Сборник научных трудов,2588-0179
Сборник трудов Всероссийской,2078-7707
Сварка и Диагностика,2071-5234
Светотехника,0039-7067
Севернорусские говоры,0134-8515
Северные Архивы и,2542-1158
"Северный регион: наука,",2949-3463
Северо-Восточный,2218-1644
Северо-Кавказский,2074-7306
Сегодня и завтра российской,1993-4947
Сейсмостойкое строительство.,2618-9283
Сейсмостойкое строительство.,1681-6560
Сельский механизатор,0131-7393
Сельскохозяйственные машины,2073-7599
Сельскохозяйственный журнал,2687-1246
Семиотические исследования.,2782-2966
Сервис plus,1993-7768
Сердце: журнал для,1728-4724
Сеченовский вестник,2218-7332
Сетевой научно-практический,2713-2811
Сибирская финансовая школа,1993-4386
Сибирские уголовно-,2411-6122
Сибирский антропологический,2542-1816
Сибирский аэрокосмический,2712-8970
Сибирский вестник психиатрии,1810-3111
Сибирский вестник,0370-8799
Сибирский журнал,2713-2927
Сибирский искусствоведческий,2782-4926
Сибирский лесной журнал.,2311-1410
Сибирский медицинский,2541-8289
Сибирский научный,2410-2512
Сибирский онкологический,1814-4861
Сибирский педагогический,1813-4718
Сибирский пожарно-,2500-4026
Сибирский психологический,1726-7080
Сибирский физический журнал,2541-9447
Сибирский филологический,1813-7083
Сибирский филологический,2587-7844
Сибирский философский,2541-7517
Сибирский юридический,2071-8136
Сибирское медицинское,1819-9496
Сибирское юридическое,2658-7602
СибСкрипт = SibScript,2949-2122
Системная инженерия и,2658-5014
Системные технологии,2227-5398
Системный анализ и,1682-6523
Системы анализа,2782-2001
Системы высокой доступности,2072-9472
Системы и средства,0869-6527
Системы контроля,2220-5861
Системы управления и,1729-5068
"Системы управления, связи и",2410-9916
Системы. Методы. Технологии,2077-5415
Скорая медицинская помощь,2072-6716
Славянский альманах,2073-5731
Словесность и история,2712-7591
Слово.ру: балтийский акцент,2225-5346
Современная архитектура мира,2500-3445
Современная высшая школа:,2071-9620
Современная Европа,0201-7083
Современная зарубежная,2304-4977
Современная конкуренция /,1993-7598
Современная наука: актуальные,2223-2982
Современная наука: актуальные,2223-2966
Современная наука: актуальные,2500-3682
Современная наука: актуальные,2223-2974
Современная онкология,1815-1434
Современная организация,2312-2854
Современная ревматология,1996-7012
Современная терапия,2306-4137
Современная экономика:,2078-9017
Современная электродинамика,2949-0553
Современное дошкольное,1997-9657
Современное общество и право,2225-7837
Современное педагогическое,2587-8328
Современное право,1991-6027
Современное промышленное и,1993-3495
Современное садоводство -,2312-6701
Современное,2949-1487
Современное строительство и,2414-5920
Современные вопросы,2588-0500
Современные информационные,2411-1473
Современные исследования,2077-1770
Современные наукоемкие,1812-7320
Современные наукоемкие,2713-1106
Современные проблемы,2658-6223
Современные проблемы,2312-2935
Современные проблемы,2587-9731
Современные проблемы науки,2070-7428
Современные проблемы,1995-0411
Современные тенденции в,2949-1835
Современные технологии.,1813-9108
Современные философские,2949-5121
Современный ученый,2541-8459
Соловьевские исследования,2076-9210
Сорбционные и,1680-0613
Социальная и клиническая,0869-4893
Социальная педагогика в,2071-3770
Социальная политика и,2071-3665
Социальная психология и,2221-1527
Социально-гуманитарные,0869-8120
Социально-гуманитарные,2500-4204
Социальное и пенсионное,2070-2167
Социально-политические науки,2223-0092
Социальное пространство,2499-9881
Социально-трудовые,2658-3712
Социально-экологические,2500-2961
Социально-экономический и,2500-1825
Социально-экономическое,1813-7946
Социальные аспекты здоровья,2071-5021
Социальные и гуманитарные,2412-6519
Социальные и гуманитарные,1992-2868
Социальные и гуманитарные,2219-8776
Социальные и гуманитарные,2219-8784
Социальные и гуманитарные,2219-8822
СОЦИАЛЬНЫЕ НОВАЦИИ,2712-7826
Социолингвистика,2713-2951
Социодинамика,2409-7144
Социологический журнал,1562-2495
Социологическое обозрение,1728-1938
Социология,1812-9226
Социология города,1994-3520
Социология и право,2219-6242
Социология медицины,1728-2810
Социология науки и технологий,2079-0910
"Социология: методология,",1994-8964
Социологическая наука и,2308-6416
Социум и власть,1996-0522
Союз криминалистов,2310-8681
Специальная техника,1996-0506
Специальная техника и,2712-9624
Специальное образование,1999-6993
"Спорт: экономика, право,",2070-2175
Спортивная медицина: наука и,2223-2524
Спортивно-педагогическое,2618-7604
Справочник врача общей,2074-9600
Сравнительная политика,2221-3279
Сравнительное,1812-7126
Среднерусский вестник,2071-2367
Средние века. Исследования по,0131-8780
СРЕТЕНСКОЕ СЛОВО,2782-6066
Стандарты и качество,0038-9692
Стандарты и мониторинг в,1998-1740
СТАНКОИНСТРУМЕНТ,2499-9407
Старинная музыка,1999-6810
Статистика и экономика,2500-3925
Cтратегирование: теория и,2782-2435
Сцена,1817-6542
Стоматология,0039-1735
Стоматология детского,1683-3031
Стратегическая стабильность,1680-2772
Страховое дело,0869-7574
Строитель Донбасса,2617-1848
Строительная механика и,2219-1038
Строительная механика и,0039-2383
Строительная механика,1815-5235
Строительное производство,2658-5340
Строительные и дорожные,0039-2391
Строительные материалы и,2618-7183
Строительство и архитектура /,2308-0191
Строительство и реконструкция,2073-7416
Строительство и техногенная,2413-1873
Строительство нефтяных и,0130-3872
Строительство уникальных,2304-6295
Строительство: наука и,2305-5502
Субтропическое и,2225-3068
Судебная экспертиза,1813-4327
Судебная экспертиза,2782-5256
Судебно-медицинская,0039-4521
Судостроение,0039-4580
Суханшиноси,2308-7420
"США & Канада: экономика,",0321-2068
Сыроделие и маслоделие,0235-2508
Таврический вестник аграрной,2542-0720
Таврический вестник,1729-3901
Таврический журнал,2413-1881
Таврический медико-,2070-8092
ТАДЖИКИСТАН и,2075-9584
Таможенное дело,2071-1220
Театр. Живопись. Кино.,1998-8745
Текст. Книга. Книгоиздание,2306-2061
Телекоммуникации,1684-2588
Теневая экономика,2541-7681
Теологический вестник,2782-2095
Теология: теория и практика,2949-3951
Теоретическая и прикладная,2410-7190
Теоретическая и прикладная,1995-4301
Теоретическая и прикладная,2409-8647
Теоретическая и прикладная,3034-2813
Теоретическая и,2073-0861
Теоретическая экономика,2221-3260
Теоретические и прикладные,2221-7312
Теории и проблемы,2223-5442
Теория государства и права,2500-0837
Теория и история искусства,2411-0795
Теория и практика,2307-2539
Теория и практика,1815-4964
Теория и практика,2713-0274
Теория и практика судебной,1819-2785
Теория и практика физической,0040-3601
Теория и техника радиосвязи,1995-7009
Теория и технология,2311-5378
Теория языка и межкультурная,2219-8660
Тепловые процессы в технике,2074-2649
Терапевт,2075-0277
«Терапевтический архив»,0040-3660
Терапия,2412-4036
"Территория ""Нефтегаз""",2072-2745
Территория новых,2949-1258
Тетради по консерватизму,2409-2517
Техник транспорта:,2687-1025
Техника и оборудование для,2072-9642
Техника и технологии в,2713-2064
Техника и технология пищевых,2074-9414
Техника и технология,2076-0655
Техника радиосвязи,2075-8693
Технико-технологические,2074-1146
Технический сервис машин,2618-8287
Технологии гражданской,1996-8493
Технологии живых систем,2070-0997
Технологии и качество,2587-6147
Технологии нефти и газа,1815-2600
Технологии пищевой и,2311-6447
Технологии обеспечения,2414-5726
Технологии сейсморазведки,1813-4254
Технологии техносферной,2071-7342
Технологии электромагнитной,1729-2670
Технология и товароведение,2219-8466
Технология легких сплавов,0321-4664
Технологос,2687-0266
Техносферная безопасность,2311-3286
Титан,2075-2903
Тихоокеанская география /,2687-0509
Тихоокеанский медицинский,1609-1175
Токсикологический вестник,0869-7922
Томский журнал,2307-6119
"Торговля, сервис, индустрия",2782-2214
Точка зрения. Восток-Запад,2410-1257
Травматология и ортопедия,2311-2905
Традиции и современность,2687-1122
Традиционная культура,2410-6658
Традиционная медицина,1818-6173
Традиционное прикладное,2619-1504
Тракторы и сельхозмашины,0321-4443
Трансляционная медицина,2311-4495
Трансплантология,2074-0506
Транспорт Азиатско-,2415-8658
Транспорт и хранение,0131-4270
Транспорт на альтернативном,2073-1329
Транспорт Урала,1815-9400
Транспорт. Транспортные,2411-1678
"Транспортное, горное и",2658-3305
Транспортное дело России,2072-8689
Транспортное машиностроение,2782-5957
Транспортное право,1812-3937
Транспортное право и,2500-1868
Транспортное строительство,0131-4300
Трансформация экосистем,2619-0931
Трансфузиология,2221-4593
Трение и износ,0202-4977
"Тромбоз, гемостаз и реология",2078-1008
Труд и социальные отношения,2073-7815
Трудный пациент,2074-1995
Трудовое право в России и за,2221-3295
Труды 25 ГосНИИ МО РФ,2313-7037
Труды Академии управления,2072-9391
Труды ВИАМ,2307-6046
Труды ВНИРО,2307-3497
Труды Военно-космической,2218-5429
Труды Главной геофизической,0376-1274
Труды ГосНИИАС. Серия,3034-2112
Труды ГПНТБ СО РАН,2618-7515
Труды зоологического,0206-0477
Труды Института государства и,2073-4522
"Труды Института истории,",2658-5960
Труды Института математики и,0134-4889
Труды Института прикладной,2224-7440
Труды Института системного,2079-0279
Труды Института системного,2220-6426
Труды Карельского научного,1997-3217
Труды кафедры богословия,2541-9587
Труды Крыловского,2542-2324
Труды Кубанского,1999-1703
Труды МАИ,1727-6942
ТРУДЫ МФТИ - Труды,2072-6759
Труды НАМИ,0135-3152
Труды НИИР,0134-5583
"Труды НПО ""Энергомаш имени",2079-0228
Труды Оренбургского,2073-8838
Труды по интеллектуальной,2225-3475
"Труды по прикладной ботанике,",2227-8834
Труды РАНИМИ,2519-2418
Труды Российского,2073-9028
Труды Санкт-Петербургского,2079-6080
Труды Саратовской,2782-5884
Труды СПбГМТУ,2414-1437
Труды «НПЦАП». Системы и,1991-5950
Туберкулез и болезни легких,2075-1230
Туберкулез и социально-,2413-0346
Тульский научный вестник.,2712-8407
Турбины и дизели,2949-2971
Туризм: право и экономика,1813-1212
Тяжелое машиностроение,1024-7106
Уголовная юстиция,2308-8451
Уголовное право,2071-5870
Уголовное судопроизводство,2072-4411
Уголовно-исполнительная,2072-4438
Уголовно-исполнительное,2072-2427
Уголовный процесс,2076-4413
Ультразвуковая и,1607-0771
Ульяновский медико-,2227-1848
Умные композиты в,2782-1919
Университетский научный,2222-5064
Университетский научный,2222-5065
Университетское управление:,1999-6640
Управленец,2218-5003
Управление,2309-3633
Управление большими,1819-2467
Управление и политика,2782-7062
Управление наукой и,2686-6706
Управление образованием:,2311-2174
Управление персоналом и,2305-7807
Управление риском,1684-6303
Управление техносферой,2686-8148
Управление финансовыми,2221-7541
Управление экономическими,1999-4516
Управленческий учет,1814-8476
Управленческое,1726-1139
Упрочняющие технологии и,1813-1336
Уральский исторический,1728-9718
Уральский медицинский,2071-5943
Урбанистика,2310-8673
Уровень жизни населения,1999-9836
Урологические ведомости,2225-9074
Успехи геронтологии/Advances,1561-9125
Успехи кибернетики,2712-9942
Успехи прикладной физики,2307-4469
Успехи современного,1681-7494
Успехи современной,2070-0784
Устойчивое развитие горных,1998-4502
Уфимский гуманитарный,2713-2358
Учебная физика,2307-5457
Ученые записки ИАфр РАН,2412-5717
Ученые записки (Номаи,2077-4990
Ученые записки (Номаи,2077-4974
Ученые записки,2658-7114
Ученые записки Казанского,1815-6126
Ученые записки Казанской,2413-4201
Ученые записки,2076-4359
Ученые записки Крымского,2413-1725
Ученые записки Крымского,2413-1717
Ученые записки Крымского,2413-1741
Ученые записки Крымского,2413-1709
Ученые записки Крымского,2413-1679
Ученые записки Крымского,2413-1695
Учёные записки Крымского,2413-1644
Ученые записки Крымского,2413-1733
Ученые записки,2413-3345
Ученые записки национального,2305-8838
Ученые записки Новгородского,2411-7951
Ученые записки Орловского,1998-2720
Ученые записки,2542-1077
Ученые записки Российского,2074-2762
Ученые записки Российского,2071-5323
Ученые записки Российской,2227-9997
Ученые записки Российской,2073-6258
Учёные записки Первого,2949-1452
Ученые записки университета,1994-4683
Ученые записки учреждения,2078-0109
Ученые записки физического,2307-9665
Ученые записки ЦАГИ,0321-3439
Ученые записки. Электронный,2074-1774
Ученые труды Российской,1997-0986
Учет и контроль,2415-7783
Учет и статистика,1994-0874
Учёт. Анализ. Аудит,2408-9303
Фармакокинетика и,2587-7836
Фармакология &,2713-2129
Фармакоэкономика.,2070-4909
Фармакоэкономика: теория и,2312-2862
Фарматека,2073-4034
Фармация,0367-3014
Фармация и фармакология /,2307-9266
Федерализм,2073-1051
Физика в школе,0130-5522
Физика волновых процессов и,1810-3189
Физика и техника высоких,0868-5924
Физика и техника,0015-3222
Физика металлов и,0015-3230
Физика твердого тела,0367-3294
Физико-технические проблемы,0015-3273
Физико-химическая кинетика в,1991-6396
Физико-химические аспекты,2226-4442
Физиотерапевт,2074-9961
"Физиотерапия, бальнеология и",1681-3456
Физическая культура в школе,0130-5581
"Физическая культура, спорт –",1999-6799
Физическая культура:,1817-4779
Физическая культура. Спорт.,2500-0365
Физическая и,2658-4522
Физическая и,2658-6843
Физические основы,2225-4293
Физическое воспитание и,2311-8776
Физическое образование в,1609-3143
Филоlogos,2079-2638
Филологические науки в,2410-2423
Филологические науки.,1997-2911
Филологические науки.,2310-4287
Филологический вестник,2949-4656
Филологический класс,2071-2405
Филология и культура.,2074-0239
Филология и человек,1992-7940
Филология: научные,2305-6177
Философические письма.,2658-5413
Философия. Журнал Высшей,2587-8719
Философия и культура,1999-2793
Философия науки,1560-7488
Философия науки и техники,2225-9783
Философия образования,1811-0916
Философия права,1817-7085
Философия хозяйства - журнал,2073-6118
Философская мысль,2409-8728
Философские науки,0235-1188
Философский журнал /,2072-0726
Финансовая аналитика:,2073-4484
Финансовая жизнь,2218-4708
Финансовая экономика,2075-7786
Финансовое право,1813-1220
Финансовое право и,2310-0508
Финансовые исследования,1991-0525
Финансовые рынки и банки,2658-3917
Финансовый бизнес,0869-8589
Финансовый журнал,2075-1990
Финансы и бизнес,1814-4802
Финансы и кредит,2071-4688
Финансы и управление,2409-7802
"Финансы, деньги, инвестиции",2222-0917
Финансы: теория и практика /,2587-5671
Финно-угорский мир,2076-2577
Фиторазнообразие Восточной,2072-8816
Флебология,1997-6976
"Фольклор: структура,",2658-5294
Форпост науки/ Science Outpost,2949-0855
ФОТОНИКА,1993-7296
Фотон-Экспресс,2308-6920
Фундаментальная и,2500-0764
Фундаментальная и прикладная,2073-6673
Фундаментальная и прикладная,2410-8758
Фундаментальные и,2076-9288
Фундаментальные и,2073-7408
Фундаментальные,1812-7339
Фундаментальные проблемы,1811-1416
ФЭС: Финансы. Экономика.,1995-7637
Хвойные бореальной зоны,1993-0135
Химическая промышленность,2713-2854
ХИМИЧЕСКАЯ ФИЗИКА И,1727-0529
Химия в школе,0368-5632
Химия и технология,2587-6724
Хирург,2074-0190
Хирургическая практика,2223-2427
Хирургия. Журнал им. Н.И.,0023-1207
Хирургия и онкология,2949-5857
Хирургия позвоночника,1810-8997
Хлебопечение России,2073-3569
Хлебопродукты,0235-2508
Хозяйство и право,0134-2398
Хранение и переработка,2072-9669
Христианское чтение,1814-5574
Христианство на Ближнем,2587-9316
Художественная культура,2226-0072
Цветные металлы,0372-2929
Цемент и его применение,1607-8837
Ценности и смыслы,2071-6427
Центр и периферия,2307-5775
Цивилист,2071-5889
ЦИТИСЭ,2409-7616
Цитокины и воспаление,1684-7849
Цифровая обработка сигналов,1684-2634
Цифровая экономика,3034-2074
Цифровое право Digital Law,2686-9136
Человек и его здоровье,1998-5746
Человек и культура,2409-8744
Человек и образование,1815-7041
"Человек Научно-популярный,",0236-2007
Человек: Образ и сущность.,1728-9319
Человек. Общество. Инклюзия,2412-8139
Человек. Спорт. Медицина /,2500-0195
Человек: преступление и,1999-9917
Человеческий капитал,2074-2029
Челябинский гуманитарий,1999-5407
Черная металлургия. Бюллетень,0135-5910
Черные металлы,0132-0890
Школа Будущего,1996-4552
Школа и производство,0037-4024
Школьные технологии,2220-2641
ЭКО,0131-7652
Экологическая безопасность,2413-5577
Экологическая генетика,1811-0932
Экологический вестник,1729-5459
Экологический Вестник,2308-3875
Экологический мониторинг и,2782-3237
Экологическое право,1812-3775
Экология и промышленность,1816-0395
Экология промышленного,2073-2589
Экология урбанизированных,1816-1863
ЭКОНОМИКА БИЗНЕС,2304-9596
Экономика,2542-0593
Экономика промышленности /,2072-1633
Экономика железных дорог,1727-6500
Экономика. Информатика,2687-0932
Экономика и математические,0424-7388
Экономика и менеджмент,2223-0432
Экономика и,1999-2300
Экономика и управление,1998-1627
Экономика и управление,2587-5574
Экономика и управление в,2072-0890
Экономика и управление в,2949-3196
Экономика и управление,2072-9324
Экономика и управление:,2072-8697
Экономика и управление:,2412-8376
Экономика образования,1609-4654
Экономика. Право. Инновации,2713-1874
ЭКОНОМИКА ПРОФЕССИЯ,2413-8584
Экономика региона,2072-6414
Экономика Северо-Запада:,2411-4588
Экономика сельского хозяйства,2070-0288
Экономика,0235-2494
Экономика строительства,0131-7768
Экономика строительства и,1993-3509
Экономика строительства и,2519-4453
Экономика Таджикистана,2310-3957
Экономика труда,2410-1613
Экономика устойчивого,2079-9136
"Экономика, труд, управление в",2077-3595
"Экономика: вчера, сегодня,",2222-9167
Экономика Центральной Азии,2542-0607
Экономическая безопасность,2658-7548
Экономическая наука,1609-1442
Экономическая политика,1994-5124
Экономическая социология,1726-3247
Экономическая среда,2306-1758
Экономические и,2079-1968
Экономические и,2073-7424
Экономические и социально-,2409-1073
Экономические и социальные,1998-0698
Экономические и социальные,1998-1791
Экономические науки,2072-0858
Экономические отношения,2587-8921
Экономический вектор,2411-7269
Экономический вестник,2949-4648
Экономический вестник,2073-9427
Экономический журнал,1813-8691
Экономическое возрождение,1990-9780
Экономическое правосудие в,2542-0674
Экономическое развитие,2306-5001
Экосистемы,2414-4738
Экспериментальная и,2222-8543
Экспериментальная психология,2072-7593
Эксперт: теория и практика,2686-7818
Эксплуатация морского,1992-8181
Экспозиция Нефть Газ,2076-6785
Электрические станции,0201-4564
Электричество,0013-5380
"ЭЛЕКТРО. Электротехника,",1995-5685
Электромагнитные волны и,1560-4128
Электроника и,1812-6782
"ЭЛЕКТРОНИКА: Наука,",1992-4178
Электронная техника. Серия 1,1990-9012
Электронная техника. Серия 2.,2073-8250
ЭЛЕКТРОННАЯ ТЕХНИКА.,2410-9932
Электронное приложение к,2219-6838
Электронные библиотеки,1562-5419
Электронные информационные,2312-9719
Электронный научно-,2687-1106
Электронный научно-,2079-8784
Электронный научно-,2313-8459
Электронный научный журнал,2949-0529
Электронный научный журнал,2226-6143
Электронный научный журнал,2307-9525
Электронный научный журнал,2500-2872
Электронный сетевой,2312-9409
Электросвязь,0013-5771
Электротехнические и,1999-5458
Электротехнические системы и,2311-8318
Электротехнологии и,2658-4859
Электрохимическая энергетика,1608-4039
ЭЛЕКТРОЭНЕРГИЯ. Передача,2218-3116
Эндоваскулярная хирургия,2409-4080
Эндодонтия today,1683-2981
Эндокринная хирургия,2306-3513
"Эндокринология: новости,",2304-9529
Эндоскопическая хирургия,1025-7209
Энергетик,0013-7278
Энергетическая политика,2409-5516
Энерго- и ресурсосбережение:,2500-0586
Энергобезопасность и,2071-2219
Энергосбережение и,1992-4658
Эпидемиология и,2073-3046
Эпидемиология и,1560-9529
Эпидемиология и,2411-3026
Эпидемиология и,2226-6976
Эпилепсия и пароксизмальные,2077-8333
Эпосоведение,2782-4861
Эргодизайн,2619-1512
Эталоны. Стандартные образцы,2687-0886
"ЭТАП: Экономическая Теория,",2071-6435
Этическая мысль/Ethical,2074-4870
Этническая культура,2713-1688
Этнография,2618-8600
Этнопсихолингвистика /,2658-5650
Этносоциум и,2072-3091
Эффективная фармакотерапия,2307-3586
"Юг России: экология, развитие",1992-1098
Юго-Восточная Азия:,2072-8271
Южно-российский журнал,2618-8007
Южно-Российский,2076-4766
Южно-Российский,2686-9039
Южно-Российский журнал,2712-8156
Южно-Сибирский научный,2304-1943
Южно-Уральский медицинский,2541-8866
ЮРИДИЧЕСКАЯ,2500-3674
Юридическая наука,2220-5500
Юридическая наука и,1998-6963
Юридическая наука и практика,2542-0410
Юридическая наука и практика:,2078-5356
Юридическая психология,2071-1204
Юридические исследования,2409-7136
Юридический вестник,2790-7570
Юридический вестник,2224-0241
Юридический вестник,2078-5836
Юридический мир,1811-1475
Юридическое образование и,1813-1190
Юрислингвистика,2587-9332
Юрист,1812-3929
Юристъ-Правоведъ,1817-7093
Ядерная и радиационная,2218-8665
Ядерная физика и инжиниринг,2079-5629
Язык и культура,1999-6195
Язык и текст,2312-2757
Якутский медицинский журнал,1813-1905
